{
"type": "FeatureCollection",
"name": "수원시 44개 행정동_geojson",
"crs": { "type": "name", "properties": { "name": "urn:ogc:def:crs:OGC:1.3:CRS84" } },
"features": [
{ "type": "Feature", "properties": { "adm_nm": "경기도 수원시장안구 파장동", "adm_cd2": "4111156000", "sgg": "41111", "sido": "41", "sidonm": "경기도", "sggnm": "수원시장안구", "adm_cd": "31011540" }, "geometry": { "type": "MultiPolygon", "coordinates": [ [ [ [ 127.006118815356629, 37.338069987009803 ], [ 127.007061780372041, 37.334991306937013 ], [ 127.007022247713707, 37.334670024524122 ], [ 127.006424288589869, 37.332355483599351 ], [ 127.006296934710548, 37.332089066686493 ], [ 127.006029977816411, 37.331866342818905 ], [ 127.003316286511463, 37.329602271400866 ], [ 127.002677222036439, 37.328195681779121 ], [ 127.002347232005619, 37.326886160853832 ], [ 127.002735908169697, 37.326295901997689 ], [ 127.003409074513527, 37.32590248066245 ], [ 127.003969953975357, 37.325573574585007 ], [ 127.004018486002366, 37.325531070441585 ], [ 127.00408134484843, 37.32547601595909 ], [ 127.005435489542734, 37.323801728393775 ], [ 127.005606778436274, 37.322852610081434 ], [ 127.005987055352406, 37.321233909407269 ], [ 127.0079940183617, 37.318748858478166 ], [ 127.006131169214427, 37.316605947500385 ], [ 127.002899423604489, 37.313129899355019 ], [ 127.002706654519756, 37.312960147127001 ], [ 127.00246608180781, 37.312747262386488 ], [ 127.002368185972031, 37.312626337223307 ], [ 127.002116645534187, 37.312265852322952 ], [ 127.002167207850789, 37.311977621436036 ], [ 127.0021847379181, 37.311887980202783 ], [ 127.002220498248178, 37.311705176248758 ], [ 127.002501506159078, 37.310482725855778 ], [ 127.002516582677146, 37.310443353575295 ], [ 127.0025530960163, 37.310360127909526 ], [ 127.000847929966795, 37.307653708453458 ], [ 126.999541872318019, 37.305782979421636 ], [ 126.99805752782278, 37.304461561086839 ], [ 126.9970875531925, 37.303136138203392 ], [ 126.996536581731732, 37.304430599916778 ], [ 126.996468711519412, 37.304562139047917 ], [ 126.996411556674701, 37.304672315787478 ], [ 126.996184834685749, 37.305039792818036 ], [ 126.995972429670914, 37.305376896829493 ], [ 126.995831220049695, 37.30550362797868 ], [ 126.995627599103074, 37.305579378244033 ], [ 126.995446808969604, 37.305615789814496 ], [ 126.995392388209382, 37.305618739680177 ], [ 126.99527325181775, 37.305625190345935 ], [ 126.995196327887882, 37.305628512867287 ], [ 126.995130747850794, 37.305631342900902 ], [ 126.994552844008751, 37.305676198921724 ], [ 126.994462364090097, 37.305683429170379 ], [ 126.994143560366922, 37.305709942288843 ], [ 126.993938649185779, 37.305754780072427 ], [ 126.993747326610006, 37.305796696546125 ], [ 126.993440309557059, 37.305874362317788 ], [ 126.99337289781694, 37.305891993322525 ], [ 126.992647308603921, 37.306083809796995 ], [ 126.992386709045817, 37.306188041882194 ], [ 126.992335388350298, 37.306216553446156 ], [ 126.992101740005083, 37.306351885679526 ], [ 126.988396204115944, 37.308963466067645 ], [ 126.988175943054159, 37.309202507725978 ], [ 126.987348723719791, 37.310657441861849 ], [ 126.986746515604324, 37.311719701727448 ], [ 126.985078608975712, 37.311326483493517 ], [ 126.981681985802894, 37.309761271670439 ], [ 126.982186070213956, 37.306191736696988 ], [ 126.976337252355847, 37.305689391839032 ], [ 126.97624454885414, 37.305613490498615 ], [ 126.975943631602846, 37.305498358336095 ], [ 126.975613393498193, 37.305421404409557 ], [ 126.973908870109554, 37.305105114601176 ], [ 126.973745028074077, 37.305137061398021 ], [ 126.973631192533091, 37.305179370989151 ], [ 126.972735965247367, 37.305520261629653 ], [ 126.972727668788423, 37.305595621111152 ], [ 126.972717111001046, 37.305693599814781 ], [ 126.972686903024254, 37.305979655310935 ], [ 126.972758825908201, 37.306568336575147 ], [ 126.972785044378142, 37.306782416274018 ], [ 126.973081936479986, 37.307180258225422 ], [ 126.973566299723132, 37.30781113050795 ], [ 126.9739352904611, 37.309108512486837 ], [ 126.972387463890726, 37.312397298452012 ], [ 126.970500427595965, 37.316058646172586 ], [ 126.970003414514977, 37.316924000041809 ], [ 126.968739277272249, 37.319050081362448 ], [ 126.966922026593565, 37.323238361971136 ], [ 126.966943495959228, 37.324080185641243 ], [ 126.966955432877654, 37.324129261138438 ], [ 126.966976477240692, 37.324162038289778 ], [ 126.967014845959298, 37.324207280282145 ], [ 126.967266543476967, 37.324428125908341 ], [ 126.970698409127579, 37.330056142589768 ], [ 126.971194322046742, 37.331788634508207 ], [ 126.973544995167885, 37.330181136095725 ], [ 126.976702231116121, 37.328519120169602 ], [ 126.980937818408961, 37.326593620128591 ], [ 126.981050649392998, 37.326599748697156 ], [ 126.981471937375645, 37.326622706085239 ], [ 126.982036508532829, 37.326653644585477 ], [ 126.982338188008413, 37.326691020167118 ], [ 126.982779358783219, 37.326747023477566 ], [ 126.98710775533263, 37.329448508020306 ], [ 126.989669427349426, 37.332305809654635 ], [ 126.989755757459292, 37.332476317985218 ], [ 126.990338802243016, 37.333165008566034 ], [ 126.990472146422832, 37.333294034430743 ], [ 126.991353566747947, 37.333968225863288 ], [ 126.991413944010617, 37.334012427818877 ], [ 127.000466510308172, 37.33849368449755 ], [ 127.000701357186685, 37.338452806655383 ], [ 127.001054220442569, 37.338391378843781 ], [ 127.0039878212568, 37.338199776683552 ], [ 127.006118815356629, 37.338069987009803 ] ] ] ] } },
{ "type": "Feature", "properties": { "adm_nm": "경기도 수원시장안구 율천동", "adm_cd2": "4111156600", "sgg": "41111", "sido": "41", "sidonm": "경기도", "sggnm": "수원시장안구", "adm_cd": "31011550" }, "geometry": { "type": "MultiPolygon", "coordinates": [ [ [ [ 126.972735965247367, 37.305520261629653 ], [ 126.973043247910638, 37.303044415932526 ], [ 126.972841722154769, 37.301482424913139 ], [ 126.972834741248064, 37.301425327020944 ], [ 126.972820374737736, 37.301307686133491 ], [ 126.972697105129768, 37.300282930725594 ], [ 126.97315203033736, 37.300246725309599 ], [ 126.973394193031737, 37.300227449750302 ], [ 126.974485098587564, 37.300057630665371 ], [ 126.974595064900427, 37.300040115494745 ], [ 126.975566584674993, 37.299771754845899 ], [ 126.976312720501426, 37.299564359483981 ], [ 126.976435299687125, 37.299506086298592 ], [ 126.976636771579081, 37.299410303618934 ], [ 126.977429217303595, 37.299031842371726 ], [ 126.978145564742988, 37.298383462311797 ], [ 126.978180731155831, 37.298351230514754 ], [ 126.978236162598037, 37.298289504511203 ], [ 126.979876526314939, 37.296433106633806 ], [ 126.981627562971624, 37.294451058534428 ], [ 126.981682515881673, 37.294388522921068 ], [ 126.981941114775964, 37.294091791369617 ], [ 126.982147240478383, 37.293853825521353 ], [ 126.982371137672757, 37.293595655786056 ], [ 126.982419501835025, 37.293540161492338 ], [ 126.98253744950344, 37.293404837991176 ], [ 126.982838806155897, 37.293057993861197 ], [ 126.982901031441799, 37.292985794102648 ], [ 126.983055582160418, 37.292807678815009 ], [ 126.98315978029656, 37.292687996804489 ], [ 126.983243213619318, 37.292592164920876 ], [ 126.983315705903394, 37.292509102960047 ], [ 126.983416610709, 37.292395743099696 ], [ 126.983469908360917, 37.292336258713704 ], [ 126.983764530892202, 37.292009429631989 ], [ 126.9841086644022, 37.291626947530141 ], [ 126.98437008242135, 37.291336218798527 ], [ 126.983731915066429, 37.290832082715276 ], [ 126.983672950980235, 37.290796918328503 ], [ 126.983643012463645, 37.290784308897578 ], [ 126.98328059571368, 37.290631807756391 ], [ 126.982947975682819, 37.290500780561473 ], [ 126.981530447585214, 37.289943434562801 ], [ 126.98104711047057, 37.289761209880758 ], [ 126.980469004750489, 37.289543467213257 ], [ 126.979821282760597, 37.289299500867124 ], [ 126.979255836870692, 37.28908744159655 ], [ 126.978962603144623, 37.288971224055857 ], [ 126.977593533567145, 37.288426609613708 ], [ 126.978766858814268, 37.286572649234536 ], [ 126.976137595337605, 37.285767837414227 ], [ 126.974278220766408, 37.285522167771809 ], [ 126.969577269733733, 37.286615268939421 ], [ 126.969635574924467, 37.287048149988976 ], [ 126.969733339370549, 37.287765178571149 ], [ 126.96975442743674, 37.287996267422251 ], [ 126.969786345660097, 37.288370486703627 ], [ 126.969803874219352, 37.288686051239409 ], [ 126.968072361751652, 37.294263508540766 ], [ 126.967769379730413, 37.294630588677215 ], [ 126.966044735095437, 37.296202503065878 ], [ 126.965499752362504, 37.296668503112585 ], [ 126.96509735883636, 37.296746944700132 ], [ 126.965002314946432, 37.296776819749162 ], [ 126.964952480469321, 37.296792485928094 ], [ 126.963667183767399, 37.298743804971387 ], [ 126.963673961325085, 37.29997422858721 ], [ 126.963718601972474, 37.30044089844818 ], [ 126.963954026202757, 37.300737142050906 ], [ 126.964184117797899, 37.30102665471825 ], [ 126.964207003226065, 37.301081968250841 ], [ 126.964442639201664, 37.301665555792063 ], [ 126.964255001769274, 37.302668543549473 ], [ 126.964242502775662, 37.302722625127672 ], [ 126.961414673194298, 37.302050985596395 ], [ 126.961075216673606, 37.301968712146298 ], [ 126.961619338851364, 37.3024193597033 ], [ 126.963975063294825, 37.304370307144232 ], [ 126.96575057369823, 37.306990306712152 ], [ 126.96595157085703, 37.307397981324151 ], [ 126.966349860096742, 37.308205988996754 ], [ 126.966359424036838, 37.308353485270551 ], [ 126.966633325321368, 37.312594421292914 ], [ 126.966662684363357, 37.313048815510761 ], [ 126.967705239803209, 37.315937940425393 ], [ 126.970003414514977, 37.316924000041809 ], [ 126.970500427595965, 37.316058646172586 ], [ 126.972387463890726, 37.312397298452012 ], [ 126.9739352904611, 37.309108512486837 ], [ 126.973566299723132, 37.30781113050795 ], [ 126.973081936479986, 37.307180258225422 ], [ 126.972785044378142, 37.306782416274018 ], [ 126.972758825908201, 37.306568336575147 ], [ 126.972686903024254, 37.305979655310935 ], [ 126.972717111001046, 37.305693599814781 ], [ 126.972727668788423, 37.305595621111152 ], [ 126.972735965247367, 37.305520261629653 ] ] ] ] } },
{ "type": "Feature", "properties": { "adm_nm": "경기도 수원시장안구 정자1동", "adm_cd2": "4111157100", "sgg": "41111", "sido": "41", "sidonm": "경기도", "sggnm": "수원시장안구", "adm_cd": "31011560" }, "geometry": { "type": "MultiPolygon", "coordinates": [ [ [ [ 126.9970875531925, 37.303136138203392 ], [ 126.997264922483765, 37.3027638760176 ], [ 126.997520995162361, 37.302223004247999 ], [ 126.997858137073294, 37.301368116890458 ], [ 126.997992355720598, 37.301014891583236 ], [ 126.998043736415951, 37.300859349699522 ], [ 126.998071522445287, 37.300775232851095 ], [ 126.99811653986167, 37.300580498638482 ], [ 126.998131289421366, 37.300482539760047 ], [ 126.998136379720947, 37.30035410906293 ], [ 126.997802350939324, 37.297984294983557 ], [ 126.997695376636258, 37.297845296745031 ], [ 126.996667775769566, 37.299243672155939 ], [ 126.995843477569125, 37.30018211405946 ], [ 126.994221923435745, 37.299590420036409 ], [ 126.993541737747293, 37.299330615754137 ], [ 126.993460855244322, 37.299297594298785 ], [ 126.99256979461201, 37.298936602312558 ], [ 126.991319779756196, 37.29845918760288 ], [ 126.99029009094447, 37.300159453977265 ], [ 126.990192937908233, 37.300343819986196 ], [ 126.989944335568367, 37.300815977321946 ], [ 126.989679310576449, 37.301318485101802 ], [ 126.989540052116425, 37.301569135469094 ], [ 126.987497649118282, 37.302001999231564 ], [ 126.985425684090231, 37.301693298242668 ], [ 126.984492683357331, 37.301484172353902 ], [ 126.983927293763983, 37.302209713608917 ], [ 126.98265981618529, 37.303851330139082 ], [ 126.982514940319604, 37.304208915954618 ], [ 126.982507448005833, 37.304236709903186 ], [ 126.982459188333635, 37.304416073130675 ], [ 126.982376788874063, 37.304810069429173 ], [ 126.982307924972375, 37.305184969486241 ], [ 126.982186070213956, 37.306191736696988 ], [ 126.981681985802894, 37.309761271670439 ], [ 126.985078608975712, 37.311326483493517 ], [ 126.986746515604324, 37.311719701727448 ], [ 126.987348723719791, 37.310657441861849 ], [ 126.988175943054159, 37.309202507725978 ], [ 126.988396204115944, 37.308963466067645 ], [ 126.992101740005083, 37.306351885679526 ], [ 126.992335388350298, 37.306216553446156 ], [ 126.992386709045817, 37.306188041882194 ], [ 126.992647308603921, 37.306083809796995 ], [ 126.99337289781694, 37.305891993322525 ], [ 126.993440309557059, 37.305874362317788 ], [ 126.993747326610006, 37.305796696546125 ], [ 126.993938649185779, 37.305754780072427 ], [ 126.994143560366922, 37.305709942288843 ], [ 126.994462364090097, 37.305683429170379 ], [ 126.994552844008751, 37.305676198921724 ], [ 126.995130747850794, 37.305631342900902 ], [ 126.995196327887882, 37.305628512867287 ], [ 126.99527325181775, 37.305625190345935 ], [ 126.995392388209382, 37.305618739680177 ], [ 126.995446808969604, 37.305615789814496 ], [ 126.995627599103074, 37.305579378244033 ], [ 126.995831220049695, 37.30550362797868 ], [ 126.995972429670914, 37.305376896829493 ], [ 126.996184834685749, 37.305039792818036 ], [ 126.996411556674701, 37.304672315787478 ], [ 126.996468711519412, 37.304562139047917 ], [ 126.996536581731732, 37.304430599916778 ], [ 126.9970875531925, 37.303136138203392 ] ] ] ] } },
{ "type": "Feature", "properties": { "adm_nm": "경기도 수원시장안구 정자2동", "adm_cd2": "4111157200", "sgg": "41111", "sido": "41", "sidonm": "경기도", "sggnm": "수원시장안구", "adm_cd": "31011570" }, "geometry": { "type": "MultiPolygon", "coordinates": [ [ [ [ 127.009351240320385, 37.295365765798039 ], [ 127.010957394179528, 37.293228160428804 ], [ 127.000644149602877, 37.289778988611694 ], [ 126.998648251172639, 37.289108073302472 ], [ 126.993319128301621, 37.287257434866518 ], [ 126.993089516681295, 37.287166691371318 ], [ 126.992756879376188, 37.287037945061456 ], [ 126.991966405875701, 37.28673371612161 ], [ 126.990542176483885, 37.286203662812028 ], [ 126.990368135927355, 37.286500371315896 ], [ 126.988988538753787, 37.288758037730837 ], [ 126.988565193326309, 37.289423237318708 ], [ 126.988533528354452, 37.289457803977754 ], [ 126.988418154576777, 37.289583725205887 ], [ 126.988215651468821, 37.289707917530933 ], [ 126.987939784804297, 37.289816048479935 ], [ 126.986127712980661, 37.289411553385591 ], [ 126.9867541804702, 37.28977820738379 ], [ 126.9872089853082, 37.290088904399298 ], [ 126.987510006382067, 37.290825966934428 ], [ 126.987575900485041, 37.290987898308401 ], [ 126.98792476207835, 37.291845204758467 ], [ 126.987988678413814, 37.292084475495756 ], [ 126.988005227192858, 37.292146391366636 ], [ 126.989691998498571, 37.292759859840402 ], [ 126.989878401004674, 37.29282714079028 ], [ 126.992445018557504, 37.293798114299399 ], [ 126.992600358134283, 37.293860790472756 ], [ 126.993921361388558, 37.294395475751521 ], [ 126.997334648662559, 37.297478658807485 ], [ 126.997695376636258, 37.297845296745031 ], [ 126.997802350939324, 37.297984294983557 ], [ 126.998970315777001, 37.296916804779677 ], [ 126.999135164031003, 37.296814757749203 ], [ 127.001690668679188, 37.296183305373141 ], [ 127.00179018635238, 37.296169076761487 ], [ 127.001996276979952, 37.29614177570916 ], [ 127.00264611489969, 37.296085917971865 ], [ 127.003530255959674, 37.296017413436765 ], [ 127.009351240320385, 37.295365765798039 ] ] ] ] } },
{ "type": "Feature", "properties": { "adm_nm": "경기도 수원시장안구 영화동", "adm_cd2": "4111158000", "sgg": "41111", "sido": "41", "sidonm": "경기도", "sggnm": "수원시장안구", "adm_cd": "31011580" }, "geometry": { "type": "MultiPolygon", "coordinates": [ [ [ [ 127.017614615097671, 37.287833598572497 ], [ 127.016936633405791, 37.288331196327761 ], [ 127.016504577781348, 37.288639272580035 ], [ 127.014810318672872, 37.289446971155009 ], [ 127.014129850986819, 37.289178270661751 ], [ 127.013997566968214, 37.289119163354783 ], [ 127.013813601061017, 37.289036294806145 ], [ 127.01353019278416, 37.288570748532365 ], [ 127.012965639199891, 37.287716198435959 ], [ 127.01287156122396, 37.287595664976408 ], [ 127.012817008486437, 37.287526709437607 ], [ 127.012602854971078, 37.287381073522724 ], [ 127.01229180246969, 37.287169553790768 ], [ 127.01210095355934, 37.287040389447078 ], [ 127.011337666852128, 37.28655499686942 ], [ 127.010916720014549, 37.286338051315305 ], [ 127.009207879566475, 37.285520867887655 ], [ 127.006088315686995, 37.285889841801257 ], [ 127.005259503513727, 37.286600753965608 ], [ 127.000644149602877, 37.289778988611694 ], [ 127.010957394179528, 37.293228160428804 ], [ 127.014509162088217, 37.294451829764327 ], [ 127.019272701741258, 37.296192929047699 ], [ 127.021006522922832, 37.296558259986327 ], [ 127.022886471875282, 37.29690274761716 ], [ 127.024782183873455, 37.297318368496164 ], [ 127.02540785798719, 37.297630617153487 ], [ 127.02543528629414, 37.297653712562976 ], [ 127.025520855868194, 37.297828248218671 ], [ 127.026586262670151, 37.297326754065125 ], [ 127.025427490197032, 37.295830944764276 ], [ 127.020468188405118, 37.290715073703772 ], [ 127.019797258921528, 37.290216588995044 ], [ 127.019347581768585, 37.289855334421198 ], [ 127.018910718443109, 37.289473848930371 ], [ 127.01883149340361, 37.28940366914378 ], [ 127.018714151101094, 37.289295719300533 ], [ 127.018389863301351, 37.288997374104206 ], [ 127.017887245212265, 37.28853337438251 ], [ 127.017765674642931, 37.288403912714045 ], [ 127.017717213959386, 37.288330986581165 ], [ 127.017682168526278, 37.288238939814526 ], [ 127.017656533225036, 37.288116659086043 ], [ 127.017646442084597, 37.288048581010571 ], [ 127.017614615097671, 37.287833598572497 ] ] ] ] } },
{ "type": "Feature", "properties": { "adm_nm": "경기도 수원시장안구 송죽동", "adm_cd2": "4111159100", "sgg": "41111", "sido": "41", "sidonm": "경기도", "sggnm": "수원시장안구", "adm_cd": "31011590" }, "geometry": { "type": "MultiPolygon", "coordinates": [ [ [ [ 127.012782953411289, 37.316529861855678 ], [ 127.012824118606915, 37.31395134393361 ], [ 127.009951529180285, 37.311763357573874 ], [ 127.009629501329002, 37.311715827528786 ], [ 127.008258820979549, 37.311212123670067 ], [ 127.007794119287695, 37.310872171761964 ], [ 127.007363825754396, 37.310340816587264 ], [ 127.004649194384058, 37.306455773499131 ], [ 127.004489641047002, 37.306050608024961 ], [ 127.004317157441363, 37.304603186903265 ], [ 127.005660540303495, 37.303764853831652 ], [ 127.008532846345375, 37.301987079437673 ], [ 127.008698948816559, 37.301887971913835 ], [ 127.009383499812429, 37.301482890305252 ], [ 127.008488995729422, 37.300490254976943 ], [ 127.008046942979149, 37.299996855218851 ], [ 127.007944034344362, 37.299881500400403 ], [ 127.007463075733895, 37.299340920253805 ], [ 127.007442269433, 37.299316694482592 ], [ 127.007260108532549, 37.299104587684248 ], [ 127.007113126548688, 37.298932720869438 ], [ 127.006891286923235, 37.298667028357599 ], [ 127.007998369279207, 37.29716967350015 ], [ 127.008978661385726, 37.295854336542035 ], [ 127.009179126987021, 37.295591304432982 ], [ 127.009310835117645, 37.295418531462722 ], [ 127.009351240320385, 37.295365765798039 ], [ 127.003530255959674, 37.296017413436765 ], [ 127.00264611489969, 37.296085917971865 ], [ 127.001996276979952, 37.29614177570916 ], [ 127.00179018635238, 37.296169076761487 ], [ 127.001690668679188, 37.296183305373141 ], [ 126.999135164031003, 37.296814757749203 ], [ 126.998970315777001, 37.296916804779677 ], [ 126.997802350939324, 37.297984294983557 ], [ 126.998136379720947, 37.30035410906293 ], [ 126.998131289421366, 37.300482539760047 ], [ 126.99811653986167, 37.300580498638482 ], [ 126.998071522445287, 37.300775232851095 ], [ 126.998043736415951, 37.300859349699522 ], [ 126.997992355720598, 37.301014891583236 ], [ 126.997858137073294, 37.301368116890458 ], [ 126.997520995162361, 37.302223004247999 ], [ 126.997264922483765, 37.3027638760176 ], [ 126.9970875531925, 37.303136138203392 ], [ 126.99805752782278, 37.304461561086839 ], [ 126.999541872318019, 37.305782979421636 ], [ 127.000847929966795, 37.307653708453458 ], [ 127.0025530960163, 37.310360127909526 ], [ 127.002516582677146, 37.310443353575295 ], [ 127.002501506159078, 37.310482725855778 ], [ 127.002220498248178, 37.311705176248758 ], [ 127.0021847379181, 37.311887980202783 ], [ 127.002167207850789, 37.311977621436036 ], [ 127.002116645534187, 37.312265852322952 ], [ 127.002368185972031, 37.312626337223307 ], [ 127.00246608180781, 37.312747262386488 ], [ 127.002706654519756, 37.312960147127001 ], [ 127.002899423604489, 37.313129899355019 ], [ 127.006131169214427, 37.316605947500385 ], [ 127.0079940183617, 37.318748858478166 ], [ 127.010305135002511, 37.318639044159831 ], [ 127.011461202517964, 37.318584078899931 ], [ 127.012782953411289, 37.316529861855678 ] ] ] ] } },
{ "type": "Feature", "properties": { "adm_nm": "경기도 수원시장안구 조원1동", "adm_cd2": "4111159700", "sgg": "41111", "sido": "41", "sidonm": "경기도", "sggnm": "수원시장안구", "adm_cd": "31011600" }, "geometry": { "type": "MultiPolygon", "coordinates": [ [ [ [ 127.025520855868194, 37.297828248218671 ], [ 127.02543528629414, 37.297653712562976 ], [ 127.02540785798719, 37.297630617153487 ], [ 127.024782183873455, 37.297318368496164 ], [ 127.022886471875282, 37.29690274761716 ], [ 127.021006522922832, 37.296558259986327 ], [ 127.019272701741258, 37.296192929047699 ], [ 127.014509162088217, 37.294451829764327 ], [ 127.010957394179528, 37.293228160428804 ], [ 127.009351240320385, 37.295365765798039 ], [ 127.009310835117645, 37.295418531462722 ], [ 127.009179126987021, 37.295591304432982 ], [ 127.008978661385726, 37.295854336542035 ], [ 127.007998369279207, 37.29716967350015 ], [ 127.006891286923235, 37.298667028357599 ], [ 127.007113126548688, 37.298932720869438 ], [ 127.007260108532549, 37.299104587684248 ], [ 127.007442269433, 37.299316694482592 ], [ 127.007463075733895, 37.299340920253805 ], [ 127.007944034344362, 37.299881500400403 ], [ 127.008046942979149, 37.299996855218851 ], [ 127.008488995729422, 37.300490254976943 ], [ 127.009383499812429, 37.301482890305252 ], [ 127.009410857262537, 37.301522951431629 ], [ 127.009435234943595, 37.301558639284487 ], [ 127.009456051533149, 37.301584426848272 ], [ 127.009676040675046, 37.30183456056816 ], [ 127.01080248195619, 37.303110179224412 ], [ 127.011614727993219, 37.304012668340938 ], [ 127.011657516575795, 37.304056841650443 ], [ 127.011686182073234, 37.30408620095271 ], [ 127.013939285110993, 37.306303876066373 ], [ 127.015458029498291, 37.306256020802337 ], [ 127.016604322163715, 37.306550279340918 ], [ 127.017115746439728, 37.306681527065123 ], [ 127.017612616979122, 37.30680903559761 ], [ 127.017688673392712, 37.306814375333367 ], [ 127.017800135636776, 37.306822193882851 ], [ 127.017842579796579, 37.306828694557922 ], [ 127.018041813636216, 37.306859233874299 ], [ 127.018118608931161, 37.306870813945515 ], [ 127.018235380813053, 37.306885321269853 ], [ 127.01871362199654, 37.306908164039996 ], [ 127.019158717923602, 37.30687003285226 ], [ 127.019680374545089, 37.306825333160369 ], [ 127.020348780574295, 37.306839762156102 ], [ 127.020901041342185, 37.306851689113742 ], [ 127.022028384091641, 37.306874969458754 ], [ 127.022133676317267, 37.306877125334424 ], [ 127.022347365512729, 37.30688119694743 ], [ 127.022380518188882, 37.306881330751644 ], [ 127.022475465697866, 37.306847316949991 ], [ 127.022703355821491, 37.30679700139676 ], [ 127.022951676870562, 37.306786735299148 ], [ 127.023125733306429, 37.306789311684547 ], [ 127.023160418190841, 37.306789830027149 ], [ 127.023868402767548, 37.307254641827377 ], [ 127.023945440050014, 37.307341705813847 ], [ 127.024034205580676, 37.307469388383247 ], [ 127.024520909783803, 37.307011637077068 ], [ 127.024640228539553, 37.305534966886086 ], [ 127.024086587545298, 37.303655690986304 ], [ 127.024010498413318, 37.30339727242643 ], [ 127.024463750008337, 37.300071844574674 ], [ 127.024633877052921, 37.299484371732774 ], [ 127.025520855868194, 37.297828248218671 ] ] ] ] } },
{ "type": "Feature", "properties": { "adm_nm": "경기도 수원시장안구 연무동", "adm_cd2": "4111160000", "sgg": "41111", "sido": "41", "sidonm": "경기도", "sggnm": "수원시장안구", "adm_cd": "31011610" }, "geometry": { "type": "MultiPolygon", "coordinates": [ [ [ [ 127.033440923648882, 37.34470695410112 ], [ 127.033237240115326, 37.344444813724039 ], [ 127.033054776013998, 37.344171424563982 ], [ 127.033026891418046, 37.344121936764836 ], [ 127.032068049340353, 37.342384780276262 ], [ 127.032007236503532, 37.342073824072727 ], [ 127.031524681611273, 37.339222417208404 ], [ 127.031496957010248, 37.338911357248982 ], [ 127.031534950111975, 37.33700386494246 ], [ 127.031600921155686, 37.33682954617759 ], [ 127.031625076123831, 37.336778249421691 ], [ 127.032891150166805, 37.335728198755966 ], [ 127.034576996453936, 37.334534875311952 ], [ 127.034770552907617, 37.334382401284429 ], [ 127.034832454983643, 37.334318988936438 ], [ 127.034859299282346, 37.334291485082105 ], [ 127.035009271642494, 37.334092922792642 ], [ 127.035140987705304, 37.333918517781548 ], [ 127.036019600509178, 37.332389613345249 ], [ 127.036063662445287, 37.332108103497397 ], [ 127.0359364133014, 37.331806767400323 ], [ 127.035886410943363, 37.331562070723564 ], [ 127.035897362274184, 37.331273670628711 ], [ 127.035947019320744, 37.331000069833046 ], [ 127.036855411489597, 37.329438599886373 ], [ 127.037479642810098, 37.328767256472112 ], [ 127.037634883423834, 37.328647302972982 ], [ 127.037800244274678, 37.328601753065591 ], [ 127.038265057893142, 37.328502162965847 ], [ 127.037223199869587, 37.327329672143904 ], [ 127.037183984999174, 37.327282196037139 ], [ 127.037170546398315, 37.327172850513271 ], [ 127.037252102892225, 37.326413752399894 ], [ 127.037257332435402, 37.326365323389602 ], [ 127.037921391679319, 37.32494710970844 ], [ 127.039554137720316, 37.321767075542056 ], [ 127.039917931574678, 37.321336951978957 ], [ 127.038894828987821, 37.32082601190011 ], [ 127.038781107896199, 37.319326982325748 ], [ 127.038071113459381, 37.316160304991918 ], [ 127.035426207864631, 37.314294220298997 ], [ 127.035059873165679, 37.31410687044599 ], [ 127.03463539171922, 37.31393293780804 ], [ 127.034232482779146, 37.313767850041607 ], [ 127.033102869308223, 37.311798635683218 ], [ 127.032307777803808, 37.30964317183556 ], [ 127.0328255763025, 37.308741297277216 ], [ 127.033227671500356, 37.308016419332738 ], [ 127.033326772288817, 37.307038876217689 ], [ 127.033217451763022, 37.304991093884603 ], [ 127.033043380611971, 37.302803413953384 ], [ 127.032828051534139, 37.301586815018382 ], [ 127.032691748252788, 37.300592496395083 ], [ 127.032653590056199, 37.300035737022291 ], [ 127.032575484334444, 37.29875432995582 ], [ 127.032741873083623, 37.297961764262695 ], [ 127.033207179047466, 37.297395842116025 ], [ 127.033872448910088, 37.296908215367203 ], [ 127.034500754829509, 37.295422269134264 ], [ 127.034553257904918, 37.294454607174877 ], [ 127.03457117970899, 37.294063700583784 ], [ 127.034556582800704, 37.293689511269612 ], [ 127.033931986385909, 37.293201483507204 ], [ 127.033823329626244, 37.293098521550888 ], [ 127.033554083717263, 37.29285070518749 ], [ 127.033421449389053, 37.292746522526699 ], [ 127.033359173519926, 37.292716923241116 ], [ 127.033187205281664, 37.292655459865394 ], [ 127.033015849421176, 37.292599010386326 ], [ 127.032829599761342, 37.292564331745105 ], [ 127.0323933125933, 37.292525004703478 ], [ 127.032102449707509, 37.292504213936425 ], [ 127.031875968731811, 37.292488030823158 ], [ 127.031644079831921, 37.292472465864613 ], [ 127.031152100150308, 37.29243896939974 ], [ 127.031071175750355, 37.292433025942238 ], [ 127.030691253993041, 37.29237063662417 ], [ 127.028200113008666, 37.291805279931218 ], [ 127.027341182746326, 37.291592279785228 ], [ 127.027261409361842, 37.291572067510891 ], [ 127.027178549654394, 37.291551067658197 ], [ 127.026917788452536, 37.291449863211156 ], [ 127.026609488120528, 37.291330205897665 ], [ 127.026515236216795, 37.291292646546736 ], [ 127.026331358914661, 37.291154448812811 ], [ 127.026085018827715, 37.290968677717999 ], [ 127.026036790058924, 37.290912634457186 ], [ 127.025986284421094, 37.290853571414338 ], [ 127.025865410858046, 37.290681606778755 ], [ 127.025277852756702, 37.289815043620827 ], [ 127.025102901045244, 37.289508060133016 ], [ 127.02466343512279, 37.289516240235351 ], [ 127.024392165485409, 37.289488114224575 ], [ 127.023769554943414, 37.289264770143809 ], [ 127.022974926377273, 37.288701581463705 ], [ 127.022945345494961, 37.288662323866212 ], [ 127.022849756157086, 37.288535446425058 ], [ 127.022758158360119, 37.288412533089591 ], [ 127.02273859268486, 37.288386268802789 ], [ 127.022701057792574, 37.288332836252302 ], [ 127.022580660469956, 37.288161410977807 ], [ 127.022543857033526, 37.288108305827052 ], [ 127.022515673202832, 37.288067629557752 ], [ 127.021989535318795, 37.287819597566518 ], [ 127.021476639676791, 37.287577809326194 ], [ 127.021300074749846, 37.287524093613186 ], [ 127.021262151774707, 37.287512556574271 ], [ 127.020998095237047, 37.287432778850842 ], [ 127.020492795634354, 37.287282003465599 ], [ 127.020187697884651, 37.287250345168189 ], [ 127.018702721731159, 37.287147416808992 ], [ 127.018043374441547, 37.28747011252365 ], [ 127.017614615097671, 37.287833598572497 ], [ 127.017646442084597, 37.288048581010571 ], [ 127.017656533225036, 37.288116659086043 ], [ 127.017682168526278, 37.288238939814526 ], [ 127.017717213959386, 37.288330986581165 ], [ 127.017765674642931, 37.288403912714045 ], [ 127.017887245212265, 37.28853337438251 ], [ 127.018389863301351, 37.288997374104206 ], [ 127.018714151101094, 37.289295719300533 ], [ 127.01883149340361, 37.28940366914378 ], [ 127.018910718443109, 37.289473848930371 ], [ 127.019347581768585, 37.289855334421198 ], [ 127.019797258921528, 37.290216588995044 ], [ 127.020468188405118, 37.290715073703772 ], [ 127.025427490197032, 37.295830944764276 ], [ 127.026586262670151, 37.297326754065125 ], [ 127.025520855868194, 37.297828248218671 ], [ 127.024633877052921, 37.299484371732774 ], [ 127.024463750008337, 37.300071844574674 ], [ 127.024010498413318, 37.30339727242643 ], [ 127.024086587545298, 37.303655690986304 ], [ 127.024640228539553, 37.305534966886086 ], [ 127.024520909783803, 37.307011637077068 ], [ 127.024034205580676, 37.307469388383247 ], [ 127.019210700169211, 37.312135977298531 ], [ 127.017073769103561, 37.31409332647867 ], [ 127.012782953411289, 37.316529861855678 ], [ 127.011461202517964, 37.318584078899931 ], [ 127.010305135002511, 37.318639044159831 ], [ 127.0079940183617, 37.318748858478166 ], [ 127.005987055352406, 37.321233909407269 ], [ 127.005606778436274, 37.322852610081434 ], [ 127.005435489542734, 37.323801728393775 ], [ 127.00408134484843, 37.32547601595909 ], [ 127.004018486002366, 37.325531070441585 ], [ 127.003969953975357, 37.325573574585007 ], [ 127.003409074513527, 37.32590248066245 ], [ 127.002735908169697, 37.326295901997689 ], [ 127.002347232005619, 37.326886160853832 ], [ 127.002677222036439, 37.328195681779121 ], [ 127.003316286511463, 37.329602271400866 ], [ 127.006029977816411, 37.331866342818905 ], [ 127.006296934710548, 37.332089066686493 ], [ 127.006424288589869, 37.332355483599351 ], [ 127.007022247713707, 37.334670024524122 ], [ 127.007061780372041, 37.334991306937013 ], [ 127.006118815356629, 37.338069987009803 ], [ 127.006101592701768, 37.338114997757152 ], [ 127.006246140914172, 37.338291267030613 ], [ 127.006273752485995, 37.338324264694634 ], [ 127.00648519145426, 37.338575280512181 ], [ 127.006529340639261, 37.338620533790298 ], [ 127.00660900722005, 37.33863100660993 ], [ 127.007946682567137, 37.338751503937097 ], [ 127.008004508468318, 37.338756251338118 ], [ 127.008285110473565, 37.338777185233553 ], [ 127.008357890175148, 37.338777406575687 ], [ 127.008546247995653, 37.338777657352018 ], [ 127.008717769007006, 37.338768229176495 ], [ 127.008762280891915, 37.338763910699981 ], [ 127.008822995543269, 37.338757768376041 ], [ 127.008903433757766, 37.338752099095039 ], [ 127.009025111389107, 37.33875767439271 ], [ 127.009058424819472, 37.338772545734507 ], [ 127.009100024569364, 37.338793477191864 ], [ 127.009143465882445, 37.338842814330178 ], [ 127.009172529558029, 37.338927858660533 ], [ 127.009188473055175, 37.339080033093786 ], [ 127.00917881310005, 37.339147136995763 ], [ 127.009169992649902, 37.339208403421004 ], [ 127.009153073901786, 37.339315372389471 ], [ 127.009126669211952, 37.339469624570519 ], [ 127.009122355865088, 37.33953566898807 ], [ 127.009119211938568, 37.339585083245403 ], [ 127.009125598599283, 37.339634122410608 ], [ 127.009146596552597, 37.339674902438873 ], [ 127.00917729317716, 37.339713771207904 ], [ 127.00921798480104, 37.339749431948945 ], [ 127.009297282484354, 37.339815111098858 ], [ 127.009433480068736, 37.3399204616248 ], [ 127.009503772633764, 37.339961315281109 ], [ 127.009535411422846, 37.339979474096786 ], [ 127.009569839215828, 37.340001024649325 ], [ 127.009663062777534, 37.340060640894862 ], [ 127.009709658880965, 37.340092869136534 ], [ 127.009817070143185, 37.340175565360795 ], [ 127.009864041177636, 37.340223082538628 ], [ 127.00990249757217, 37.340276198064352 ], [ 127.00994771756757, 37.340366483050609 ], [ 127.00997867043526, 37.340437085833379 ], [ 127.009984825919716, 37.340528926125899 ], [ 127.009989332403507, 37.340651812204719 ], [ 127.010002790297435, 37.340701544922567 ], [ 127.010011738408807, 37.340730721867871 ], [ 127.010084422507745, 37.340838062019998 ], [ 127.010183229328248, 37.340942130100849 ], [ 127.010218148125205, 37.340977697186304 ], [ 127.010246956057912, 37.34100768554849 ], [ 127.01025660314221, 37.34105285318352 ], [ 127.010258224017704, 37.341128350650564 ], [ 127.010238484046496, 37.341235308064157 ], [ 127.010229279762811, 37.341274065447529 ], [ 127.010223244237494, 37.341299468451275 ], [ 127.010192812416832, 37.341422155776911 ], [ 127.010179811992614, 37.341468297785376 ], [ 127.010154389703402, 37.341507131332158 ], [ 127.01028762488852, 37.341828548805424 ], [ 127.010343916002981, 37.341950089801877 ], [ 127.010420352237674, 37.342114457673823 ], [ 127.010902106142709, 37.34313771610627 ], [ 127.010938992796341, 37.34321561278761 ], [ 127.011586496843634, 37.343799679073449 ], [ 127.012617958611855, 37.345133471061615 ], [ 127.012629670155619, 37.345394919982844 ], [ 127.012688233684969, 37.346706671333735 ], [ 127.012695587137785, 37.346879090817119 ], [ 127.013305501236317, 37.347825798588211 ], [ 127.014610205536343, 37.349150555875731 ], [ 127.015889256373001, 37.349763327981535 ], [ 127.017012327724871, 37.350027967120212 ], [ 127.017764907046512, 37.350086247016215 ], [ 127.018509935478278, 37.350443073873905 ], [ 127.018807694064407, 37.351563117375413 ], [ 127.025083491804935, 37.348542348609143 ], [ 127.026111001408836, 37.348620301355332 ], [ 127.026310740453795, 37.348615467690045 ], [ 127.026487597897372, 37.348545191933759 ], [ 127.028673876212338, 37.347620993594226 ], [ 127.028778592230239, 37.347576341667015 ], [ 127.029005648893076, 37.347376688425065 ], [ 127.031954805931818, 37.345406479479067 ], [ 127.033440923648882, 37.34470695410112 ] ] ] ] } },
{ "type": "Feature", "properties": { "adm_nm": "경기도 수원시장안구 정자3동", "adm_cd2": "4111157300", "sgg": "41111", "sido": "41", "sidonm": "경기도", "sggnm": "수원시장안구", "adm_cd": "31011620" }, "geometry": { "type": "MultiPolygon", "coordinates": [ [ [ [ 126.997695376636258, 37.297845296745031 ], [ 126.997334648662559, 37.297478658807485 ], [ 126.993921361388558, 37.294395475751521 ], [ 126.992600358134283, 37.293860790472756 ], [ 126.992445018557504, 37.293798114299399 ], [ 126.989878401004674, 37.29282714079028 ], [ 126.989691998498571, 37.292759859840402 ], [ 126.988005227192858, 37.292146391366636 ], [ 126.987988678413814, 37.292084475495756 ], [ 126.98792476207835, 37.291845204758467 ], [ 126.987575900485041, 37.290987898308401 ], [ 126.987510006382067, 37.290825966934428 ], [ 126.9872089853082, 37.290088904399298 ], [ 126.9867541804702, 37.28977820738379 ], [ 126.986127712980661, 37.289411553385591 ], [ 126.98437008242135, 37.291336218798527 ], [ 126.9841086644022, 37.291626947530141 ], [ 126.983764530892202, 37.292009429631989 ], [ 126.983469908360917, 37.292336258713704 ], [ 126.983416610709, 37.292395743099696 ], [ 126.983315705903394, 37.292509102960047 ], [ 126.983243213619318, 37.292592164920876 ], [ 126.98315978029656, 37.292687996804489 ], [ 126.983055582160418, 37.292807678815009 ], [ 126.982901031441799, 37.292985794102648 ], [ 126.982838806155897, 37.293057993861197 ], [ 126.98253744950344, 37.293404837991176 ], [ 126.982419501835025, 37.293540161492338 ], [ 126.982371137672757, 37.293595655786056 ], [ 126.982147240478383, 37.293853825521353 ], [ 126.981941114775964, 37.294091791369617 ], [ 126.981682515881673, 37.294388522921068 ], [ 126.981627562971624, 37.294451058534428 ], [ 126.979876526314939, 37.296433106633806 ], [ 126.978236162598037, 37.298289504511203 ], [ 126.978180731155831, 37.298351230514754 ], [ 126.978145564742988, 37.298383462311797 ], [ 126.977429217303595, 37.299031842371726 ], [ 126.976636771579081, 37.299410303618934 ], [ 126.976435299687125, 37.299506086298592 ], [ 126.976312720501426, 37.299564359483981 ], [ 126.975566584674993, 37.299771754845899 ], [ 126.974595064900427, 37.300040115494745 ], [ 126.974485098587564, 37.300057630665371 ], [ 126.973394193031737, 37.300227449750302 ], [ 126.97315203033736, 37.300246725309599 ], [ 126.972697105129768, 37.300282930725594 ], [ 126.972820374737736, 37.301307686133491 ], [ 126.972834741248064, 37.301425327020944 ], [ 126.972841722154769, 37.301482424913139 ], [ 126.973043247910638, 37.303044415932526 ], [ 126.972735965247367, 37.305520261629653 ], [ 126.973631192533091, 37.305179370989151 ], [ 126.973745028074077, 37.305137061398021 ], [ 126.973908870109554, 37.305105114601176 ], [ 126.975613393498193, 37.305421404409557 ], [ 126.975943631602846, 37.305498358336095 ], [ 126.97624454885414, 37.305613490498615 ], [ 126.976337252355847, 37.305689391839032 ], [ 126.982186070213956, 37.306191736696988 ], [ 126.982307924972375, 37.305184969486241 ], [ 126.982376788874063, 37.304810069429173 ], [ 126.982459188333635, 37.304416073130675 ], [ 126.982507448005833, 37.304236709903186 ], [ 126.982514940319604, 37.304208915954618 ], [ 126.98265981618529, 37.303851330139082 ], [ 126.983927293763983, 37.302209713608917 ], [ 126.984492683357331, 37.301484172353902 ], [ 126.985425684090231, 37.301693298242668 ], [ 126.987497649118282, 37.302001999231564 ], [ 126.989540052116425, 37.301569135469094 ], [ 126.989679310576449, 37.301318485101802 ], [ 126.989944335568367, 37.300815977321946 ], [ 126.990192937908233, 37.300343819986196 ], [ 126.99029009094447, 37.300159453977265 ], [ 126.991319779756196, 37.29845918760288 ], [ 126.99256979461201, 37.298936602312558 ], [ 126.993460855244322, 37.299297594298785 ], [ 126.993541737747293, 37.299330615754137 ], [ 126.994221923435745, 37.299590420036409 ], [ 126.995843477569125, 37.30018211405946 ], [ 126.996667775769566, 37.299243672155939 ], [ 126.997695376636258, 37.297845296745031 ] ] ] ] } },
{ "type": "Feature", "properties": { "adm_nm": "경기도 수원시장안구 조원2동", "adm_cd2": "4111159800", "sgg": "41111", "sido": "41", "sidonm": "경기도", "sggnm": "수원시장안구", "adm_cd": "31011630" }, "geometry": { "type": "MultiPolygon", "coordinates": [ [ [ [ 127.024034205580676, 37.307469388383247 ], [ 127.023945440050014, 37.307341705813847 ], [ 127.023868402767548, 37.307254641827377 ], [ 127.023160418190841, 37.306789830027149 ], [ 127.023125733306429, 37.306789311684547 ], [ 127.022951676870562, 37.306786735299148 ], [ 127.022703355821491, 37.30679700139676 ], [ 127.022475465697866, 37.306847316949991 ], [ 127.022380518188882, 37.306881330751644 ], [ 127.022347365512729, 37.30688119694743 ], [ 127.022133676317267, 37.306877125334424 ], [ 127.022028384091641, 37.306874969458754 ], [ 127.020901041342185, 37.306851689113742 ], [ 127.020348780574295, 37.306839762156102 ], [ 127.019680374545089, 37.306825333160369 ], [ 127.019158717923602, 37.30687003285226 ], [ 127.01871362199654, 37.306908164039996 ], [ 127.018235380813053, 37.306885321269853 ], [ 127.018118608931161, 37.306870813945515 ], [ 127.018041813636216, 37.306859233874299 ], [ 127.017842579796579, 37.306828694557922 ], [ 127.017800135636776, 37.306822193882851 ], [ 127.017688673392712, 37.306814375333367 ], [ 127.017612616979122, 37.30680903559761 ], [ 127.017115746439728, 37.306681527065123 ], [ 127.016604322163715, 37.306550279340918 ], [ 127.015458029498291, 37.306256020802337 ], [ 127.013939285110993, 37.306303876066373 ], [ 127.011686182073234, 37.30408620095271 ], [ 127.011657516575795, 37.304056841650443 ], [ 127.011614727993219, 37.304012668340938 ], [ 127.01080248195619, 37.303110179224412 ], [ 127.009676040675046, 37.30183456056816 ], [ 127.009456051533149, 37.301584426848272 ], [ 127.009435234943595, 37.301558639284487 ], [ 127.009410857262537, 37.301522951431629 ], [ 127.009383499812429, 37.301482890305252 ], [ 127.008698948816559, 37.301887971913835 ], [ 127.008532846345375, 37.301987079437673 ], [ 127.005660540303495, 37.303764853831652 ], [ 127.004317157441363, 37.304603186903265 ], [ 127.004489641047002, 37.306050608024961 ], [ 127.004649194384058, 37.306455773499131 ], [ 127.007363825754396, 37.310340816587264 ], [ 127.007794119287695, 37.310872171761964 ], [ 127.008258820979549, 37.311212123670067 ], [ 127.009629501329002, 37.311715827528786 ], [ 127.009951529180285, 37.311763357573874 ], [ 127.012824118606915, 37.31395134393361 ], [ 127.012782953411289, 37.316529861855678 ], [ 127.017073769103561, 37.31409332647867 ], [ 127.019210700169211, 37.312135977298531 ], [ 127.024034205580676, 37.307469388383247 ] ] ] ] } },
{ "type": "Feature", "properties": { "adm_nm": "경기도 수원시권선구 세류1동", "adm_cd2": "4111352000", "sgg": "41113", "sido": "41", "sidonm": "경기도", "sggnm": "수원시권선구", "adm_cd": "31012520" }, "geometry": { "type": "MultiPolygon", "coordinates": [ [ [ [ 127.012193163168163, 37.266300887713669 ], [ 127.011178376018322, 37.264848816889014 ], [ 127.008415331276552, 37.259512415264126 ], [ 127.007893662512771, 37.256609986445369 ], [ 127.007820545942735, 37.256365179159943 ], [ 127.007623143896467, 37.256049996928454 ], [ 127.00714757098504, 37.255699854468745 ], [ 127.006023709525536, 37.255223065369613 ], [ 127.0046326888707, 37.254649374954042 ], [ 127.004564497916292, 37.254622047788118 ], [ 127.003522022688117, 37.254314587051873 ], [ 127.003445939898, 37.254297411915097 ], [ 127.00285065541388, 37.254163039838069 ], [ 127.002141078085316, 37.254034989784003 ], [ 126.999992031886649, 37.253740867854781 ], [ 126.999029762629775, 37.253632671213929 ], [ 126.998440568751931, 37.253566421179222 ], [ 126.998140559340428, 37.253532474387804 ], [ 126.998629240795935, 37.255411699506993 ], [ 126.998740675399688, 37.255605971188977 ], [ 126.999616899808785, 37.256434453623839 ], [ 127.001550646999462, 37.257888429088439 ], [ 127.003166301822162, 37.259114148485324 ], [ 127.003640055892703, 37.259518477425416 ], [ 127.003169156734117, 37.260308868405907 ], [ 127.003097043245035, 37.260429893423563 ], [ 127.002553261214715, 37.261341398164816 ], [ 127.001022873961219, 37.263395769727957 ], [ 127.001912386130428, 37.264148798740834 ], [ 127.002084516499522, 37.264130818871372 ], [ 127.002196539096232, 37.264119085078313 ], [ 127.005056490680559, 37.263819328798142 ], [ 127.005247323512634, 37.263798844523222 ], [ 127.005982302220914, 37.263721914969864 ], [ 127.006251746816758, 37.263693743681841 ], [ 127.006811795650634, 37.263635233926017 ], [ 127.007103889206988, 37.263604793391146 ], [ 127.007189160867227, 37.26359624259576 ], [ 127.009604573079926, 37.266993258750304 ], [ 127.009709682487809, 37.267197634343162 ], [ 127.009813222913593, 37.267647618595745 ], [ 127.012193163168163, 37.266300887713669 ] ] ] ] } },
{ "type": "Feature", "properties": { "adm_nm": "경기도 수원시권선구 세류2동", "adm_cd2": "4111353000", "sgg": "41113", "sido": "41", "sidonm": "경기도", "sggnm": "수원시권선구", "adm_cd": "31012530" }, "geometry": { "type": "MultiPolygon", "coordinates": [ [ [ [ 127.020256900658637, 37.253132988262045 ], [ 127.018735785819331, 37.250166756955174 ], [ 127.018099175528093, 37.248869487699906 ], [ 127.018000418581039, 37.248667447860704 ], [ 127.017713955971487, 37.247947417721527 ], [ 127.017673696757726, 37.24597094145372 ], [ 127.016208508517948, 37.241026434475437 ], [ 127.0156936941422, 37.239369336957495 ], [ 127.015996431924648, 37.237833492933767 ], [ 127.015611990398739, 37.237120943323617 ], [ 127.013904532564567, 37.236484095009878 ], [ 127.012859152895601, 37.236115859893154 ], [ 127.012690600227216, 37.236150537289063 ], [ 127.011731683696595, 37.236347833641638 ], [ 127.010926770501342, 37.236512631943924 ], [ 127.010604214984212, 37.23657866987952 ], [ 127.009646743147044, 37.236563441684112 ], [ 127.00681365713443, 37.235020237711993 ], [ 127.005497216880443, 37.234302832783932 ], [ 127.003009887358445, 37.232835481541521 ], [ 127.002943309206856, 37.230507394606441 ], [ 127.002958027794662, 37.230466776258247 ], [ 127.003176508303554, 37.229863873038404 ], [ 127.003683955853234, 37.229291369782516 ], [ 126.997580565174559, 37.230232378401766 ], [ 126.997731628137998, 37.230938358951974 ], [ 126.997700740187113, 37.231876205029245 ], [ 126.99760809875886, 37.234688777911273 ], [ 126.99759372464797, 37.235115231329409 ], [ 126.997576512856526, 37.235626097584117 ], [ 126.997514820796155, 37.237500742733296 ], [ 126.997914342415626, 37.237500977035886 ], [ 126.998130588627063, 37.237501100449734 ], [ 127.000807637070139, 37.243565296766178 ], [ 127.000499748085474, 37.246760575253361 ], [ 126.99869235947294, 37.249175492745678 ], [ 126.998411879601164, 37.252791099892548 ], [ 126.998430664022607, 37.253464972283155 ], [ 126.998437685655929, 37.25353695137747 ], [ 126.998440568751931, 37.253566421179222 ], [ 126.999029762629775, 37.253632671213929 ], [ 126.999992031886649, 37.253740867854781 ], [ 127.002141078085316, 37.254034989784003 ], [ 127.00285065541388, 37.254163039838069 ], [ 127.003445939898, 37.254297411915097 ], [ 127.003522022688117, 37.254314587051873 ], [ 127.004564497916292, 37.254622047788118 ], [ 127.0046326888707, 37.254649374954042 ], [ 127.006023709525536, 37.255223065369613 ], [ 127.00714757098504, 37.255699854468745 ], [ 127.007623143896467, 37.256049996928454 ], [ 127.007820545942735, 37.256365179159943 ], [ 127.007893662512771, 37.256609986445369 ], [ 127.008415331276552, 37.259512415264126 ], [ 127.008814139986058, 37.259431793859953 ], [ 127.010164154464093, 37.25915693597527 ], [ 127.010522081963344, 37.259083943033481 ], [ 127.011244789180907, 37.258934818285979 ], [ 127.012208257792935, 37.258723009460411 ], [ 127.012018196980819, 37.258355482098032 ], [ 127.011741016466445, 37.257838290840724 ], [ 127.011693664813166, 37.257749082818876 ], [ 127.011268233797878, 37.256942832523279 ], [ 127.011275531736871, 37.256685965076514 ], [ 127.011293568628844, 37.256076471122526 ], [ 127.012257492467114, 37.256061579642953 ], [ 127.012618638447762, 37.25605600076338 ], [ 127.012828032386693, 37.256053427301701 ], [ 127.015268996266542, 37.256016080988353 ], [ 127.015059394728837, 37.255623229332322 ], [ 127.014982786626831, 37.255479819036161 ], [ 127.014763355604657, 37.255068907670605 ], [ 127.015594077817539, 37.254674445899987 ], [ 127.016491997246007, 37.254376500083417 ], [ 127.018775131257854, 37.253620390294813 ], [ 127.020256900658637, 37.253132988262045 ] ] ] ] } },
{ "type": "Feature", "properties": { "adm_nm": "경기도 수원시권선구 세류3동", "adm_cd2": "4111354000", "sgg": "41113", "sido": "41", "sidonm": "경기도", "sggnm": "수원시권선구", "adm_cd": "31012540" }, "geometry": { "type": "MultiPolygon", "coordinates": [ [ [ [ 127.020676719247547, 37.264501184152486 ], [ 127.020433740989944, 37.264029218108327 ], [ 127.019376800982712, 37.261974259966109 ], [ 127.017040325749775, 37.257429609607044 ], [ 127.018062277088077, 37.257180707112319 ], [ 127.021375960162061, 37.256374555109176 ], [ 127.021628981252803, 37.256313525590926 ], [ 127.021899722289092, 37.256248222358053 ], [ 127.020256900658637, 37.253132988262045 ], [ 127.018775131257854, 37.253620390294813 ], [ 127.016491997246007, 37.254376500083417 ], [ 127.015594077817539, 37.254674445899987 ], [ 127.014763355604657, 37.255068907670605 ], [ 127.014982786626831, 37.255479819036161 ], [ 127.015059394728837, 37.255623229332322 ], [ 127.015268996266542, 37.256016080988353 ], [ 127.012828032386693, 37.256053427301701 ], [ 127.012618638447762, 37.25605600076338 ], [ 127.012257492467114, 37.256061579642953 ], [ 127.011293568628844, 37.256076471122526 ], [ 127.011275531736871, 37.256685965076514 ], [ 127.011268233797878, 37.256942832523279 ], [ 127.011693664813166, 37.257749082818876 ], [ 127.011741016466445, 37.257838290840724 ], [ 127.012018196980819, 37.258355482098032 ], [ 127.012208257792935, 37.258723009460411 ], [ 127.011244789180907, 37.258934818285979 ], [ 127.010522081963344, 37.259083943033481 ], [ 127.010164154464093, 37.25915693597527 ], [ 127.008814139986058, 37.259431793859953 ], [ 127.008415331276552, 37.259512415264126 ], [ 127.011178376018322, 37.264848816889014 ], [ 127.012193163168163, 37.266300887713669 ], [ 127.013584289679585, 37.264495918715632 ], [ 127.015067474975837, 37.264257497320393 ], [ 127.016743011056079, 37.264692510611525 ], [ 127.02002713819212, 37.264567281059279 ], [ 127.020676719247547, 37.264501184152486 ] ] ] ] } },
{ "type": "Feature", "properties": { "adm_nm": "경기도 수원시권선구 평동", "adm_cd2": "4111355000", "sgg": "41113", "sido": "41", "sidonm": "경기도", "sggnm": "수원시권선구", "adm_cd": "31012550" }, "geometry": { "type": "MultiPolygon", "coordinates": [ [ [ [ 127.001022873961219, 37.263395769727957 ], [ 127.002553261214715, 37.261341398164816 ], [ 127.003097043245035, 37.260429893423563 ], [ 127.003169156734117, 37.260308868405907 ], [ 127.003640055892703, 37.259518477425416 ], [ 127.003166301822162, 37.259114148485324 ], [ 127.001550646999462, 37.257888429088439 ], [ 126.999616899808785, 37.256434453623839 ], [ 126.998740675399688, 37.255605971188977 ], [ 126.998629240795935, 37.255411699506993 ], [ 126.998140559340428, 37.253532474387804 ], [ 126.998440568751931, 37.253566421179222 ], [ 126.998437685655929, 37.25353695137747 ], [ 126.998430664022607, 37.253464972283155 ], [ 126.998411879601164, 37.252791099892548 ], [ 126.99869235947294, 37.249175492745678 ], [ 127.000499748085474, 37.246760575253361 ], [ 127.000807637070139, 37.243565296766178 ], [ 126.998130588627063, 37.237501100449734 ], [ 126.997914342415626, 37.237500977035886 ], [ 126.997514820796155, 37.237500742733296 ], [ 126.997576512856526, 37.235626097584117 ], [ 126.99759372464797, 37.235115231329409 ], [ 126.99760809875886, 37.234688777911273 ], [ 126.997700740187113, 37.231876205029245 ], [ 126.997731628137998, 37.230938358951974 ], [ 126.997580565174559, 37.230232378401766 ], [ 126.992645948238348, 37.230852458167462 ], [ 126.991192205997805, 37.232039446198961 ], [ 126.990385700593151, 37.232632028703954 ], [ 126.989489104508451, 37.233104780284677 ], [ 126.988518995061696, 37.23350735100734 ], [ 126.988249362539406, 37.233578297975797 ], [ 126.988115380165667, 37.233594619232015 ], [ 126.985723463543522, 37.232636662926673 ], [ 126.982400381382163, 37.232264443482912 ], [ 126.981577453915477, 37.23226253406142 ], [ 126.980360066271345, 37.232244803518242 ], [ 126.980320748294247, 37.232227112330001 ], [ 126.980262475412403, 37.232193672555759 ], [ 126.980220426402028, 37.232160812348724 ], [ 126.980204457189402, 37.232125772540492 ], [ 126.980063555772375, 37.231611397955042 ], [ 126.979908243504724, 37.231040581958261 ], [ 126.979526667829944, 37.230587079104446 ], [ 126.978947360317818, 37.230098904597519 ], [ 126.978224580878717, 37.229572911663595 ], [ 126.972823082193855, 37.228720831700635 ], [ 126.971985065109308, 37.228866955829908 ], [ 126.970393301136696, 37.229196744879594 ], [ 126.969246441473004, 37.230673553238937 ], [ 126.968994552904434, 37.231640023598594 ], [ 126.967700324939287, 37.234836430516346 ], [ 126.966954232836457, 37.235625176841381 ], [ 126.965007928072211, 37.23664737227751 ], [ 126.963996513038808, 37.237086736367679 ], [ 126.96298508756847, 37.237524964954808 ], [ 126.962003151379619, 37.237679379071928 ], [ 126.960951611518823, 37.238108393971913 ], [ 126.957764679630216, 37.239764806440732 ], [ 126.957363847602622, 37.240317445760454 ], [ 126.957350733322755, 37.240399520815508 ], [ 126.957415176302902, 37.240436403746507 ], [ 126.957604775612893, 37.240544907952881 ], [ 126.95776528285225, 37.240763104659692 ], [ 126.957992095964016, 37.2412666709224 ], [ 126.957992529668402, 37.241304982207808 ], [ 126.957958601486254, 37.242598272232691 ], [ 126.957791988448008, 37.243171343852588 ], [ 126.957312380772422, 37.244176190620827 ], [ 126.956702559317307, 37.245097323866311 ], [ 126.956677890247775, 37.245188443536215 ], [ 126.956188084124761, 37.246770430228018 ], [ 126.954894361930329, 37.247438274772875 ], [ 126.953683564061649, 37.247985150092262 ], [ 126.953365752503302, 37.248128708645709 ], [ 126.952967258255441, 37.248725069461194 ], [ 126.95272101599312, 37.249093574321286 ], [ 126.952244335242227, 37.251472629692238 ], [ 126.952895917142826, 37.252702362965088 ], [ 126.953154571961107, 37.252925174407778 ], [ 126.958518384058522, 37.253393961958658 ], [ 126.960737110873779, 37.253577606092811 ], [ 126.965483186435122, 37.257351177026784 ], [ 126.966406810054991, 37.25790071666777 ], [ 126.966779549597845, 37.258120952211065 ], [ 126.96732637279645, 37.258337494495215 ], [ 126.967380671313023, 37.258348816893474 ], [ 126.967436767078553, 37.258360507908236 ], [ 126.967312014743314, 37.256872666842902 ], [ 126.967310983354949, 37.256841374840604 ], [ 126.967305048918433, 37.256660808070386 ], [ 126.967358829041757, 37.256430067069921 ], [ 126.967401638625958, 37.256400685832041 ], [ 126.967541550338723, 37.256304693852762 ], [ 126.968657358581964, 37.255883798981316 ], [ 126.973752643501243, 37.256620941282691 ], [ 126.973381715160627, 37.25961977366331 ], [ 126.974332778684968, 37.259380622130713 ], [ 126.975601886830191, 37.259060486476187 ], [ 126.976518747086232, 37.258829190022581 ], [ 126.977618775283347, 37.258552363111569 ], [ 126.979391735931856, 37.258299894898983 ], [ 126.980509528414188, 37.258179294616738 ], [ 126.981040485823044, 37.25812206800299 ], [ 126.982486055371339, 37.257966423907 ], [ 126.983196307719567, 37.258006005657563 ], [ 126.983626725101587, 37.258029994814613 ], [ 126.984445322462221, 37.258191306059167 ], [ 126.984924543580064, 37.258303812552498 ], [ 126.985398101137775, 37.258418545977101 ], [ 126.98836974551466, 37.259339578824708 ], [ 126.995921906160561, 37.261764005632195 ], [ 126.998462364878108, 37.262715666705311 ], [ 126.998604559230458, 37.262769487262496 ], [ 126.998868755443453, 37.262869497732005 ], [ 126.999036763313626, 37.26293894001445 ], [ 127.000389688204223, 37.264178405176224 ], [ 127.001022873961219, 37.263395769727957 ] ] ] ] } },
{ "type": "Feature", "properties": { "adm_nm": "경기도 수원시권선구 서둔동", "adm_cd2": "4111356000", "sgg": "41113", "sido": "41", "sidonm": "경기도", "sggnm": "수원시권선구", "adm_cd": "31012560" }, "geometry": { "type": "MultiPolygon", "coordinates": [ [ [ [ 126.993139636951454, 37.277374391118983 ], [ 126.995394595982333, 37.273619460273927 ], [ 126.997431323937491, 37.269899946385955 ], [ 126.9986698127897, 37.266192543483314 ], [ 126.998892791940648, 37.265837437207573 ], [ 127.000048779079648, 37.264136437604655 ], [ 127.000389688204223, 37.264178405176224 ], [ 126.999036763313626, 37.26293894001445 ], [ 126.998868755443453, 37.262869497732005 ], [ 126.998604559230458, 37.262769487262496 ], [ 126.998462364878108, 37.262715666705311 ], [ 126.995921906160561, 37.261764005632195 ], [ 126.98836974551466, 37.259339578824708 ], [ 126.985398101137775, 37.258418545977101 ], [ 126.984924543580064, 37.258303812552498 ], [ 126.984445322462221, 37.258191306059167 ], [ 126.983626725101587, 37.258029994814613 ], [ 126.983196307719567, 37.258006005657563 ], [ 126.982486055371339, 37.257966423907 ], [ 126.981040485823044, 37.25812206800299 ], [ 126.980509528414188, 37.258179294616738 ], [ 126.979391735931856, 37.258299894898983 ], [ 126.977618775283347, 37.258552363111569 ], [ 126.976518747086232, 37.258829190022581 ], [ 126.975601886830191, 37.259060486476187 ], [ 126.974332778684968, 37.259380622130713 ], [ 126.973381715160627, 37.25961977366331 ], [ 126.973752643501243, 37.256620941282691 ], [ 126.968657358581964, 37.255883798981316 ], [ 126.967541550338723, 37.256304693852762 ], [ 126.967401638625958, 37.256400685832041 ], [ 126.967358829041757, 37.256430067069921 ], [ 126.967305048918433, 37.256660808070386 ], [ 126.967310983354949, 37.256841374840604 ], [ 126.967312014743314, 37.256872666842902 ], [ 126.967436767078553, 37.258360507908236 ], [ 126.967510149633569, 37.259363655729906 ], [ 126.968658864776714, 37.260334713099049 ], [ 126.969056537543892, 37.260670859780795 ], [ 126.970470408307037, 37.261079438387192 ], [ 126.970653545011885, 37.262795418313658 ], [ 126.970440610853203, 37.263429803557869 ], [ 126.97007772667267, 37.264510860227453 ], [ 126.969490188518947, 37.265369058460223 ], [ 126.967727517472341, 37.267941356585716 ], [ 126.963848464621961, 37.271905771761233 ], [ 126.962114510376693, 37.273163233281124 ], [ 126.964985698360579, 37.273564518262397 ], [ 126.9796351357638, 37.276193609570846 ], [ 126.979009746651329, 37.276711403015526 ], [ 126.978593479253789, 37.277065619586779 ], [ 126.97844670006171, 37.27729032065681 ], [ 126.978416719921739, 37.277370141914936 ], [ 126.978410169496613, 37.27798761068199 ], [ 126.978506281343456, 37.282858921352179 ], [ 126.978642797307415, 37.28289106143778 ], [ 126.981338131362975, 37.283522617684142 ], [ 126.982281480534539, 37.28389125503513 ], [ 126.983862807604268, 37.284253693301601 ], [ 126.986118968850448, 37.282818977122773 ], [ 126.986459289722077, 37.282435109773537 ], [ 126.986551922604477, 37.28229128918376 ], [ 126.986610263660552, 37.282109010709263 ], [ 126.986659996789058, 37.279561671678628 ], [ 126.986635588730962, 37.279418470064648 ], [ 126.98659369307768, 37.279307309147207 ], [ 126.986438222540457, 37.278894807370051 ], [ 126.985944124951985, 37.27784028899211 ], [ 126.985783565852742, 37.277606356756849 ], [ 126.985679472554352, 37.277467315688753 ], [ 126.985826670796328, 37.275415036981421 ], [ 126.985869382068415, 37.27493973859734 ], [ 126.986336303994236, 37.274803176636254 ], [ 126.986455867899906, 37.27479315811361 ], [ 126.986540862762169, 37.274786036238318 ], [ 126.986763757857389, 37.274767848246078 ], [ 126.986925270470692, 37.27475615424428 ], [ 126.993139636951454, 37.277374391118983 ] ] ] ] } },
{ "type": "Feature", "properties": { "adm_nm": "경기도 수원시권선구 구운동", "adm_cd2": "4111365000", "sgg": "41113", "sido": "41", "sidonm": "경기도", "sggnm": "수원시권선구", "adm_cd": "31012570" }, "geometry": { "type": "MultiPolygon", "coordinates": [ [ [ [ 126.969733339370549, 37.287765178571149 ], [ 126.969635574924467, 37.287048149988976 ], [ 126.969577269733733, 37.286615268939421 ], [ 126.974278220766408, 37.285522167771809 ], [ 126.976137595337605, 37.285767837414227 ], [ 126.978766858814268, 37.286572649234536 ], [ 126.981338131362975, 37.283522617684142 ], [ 126.978642797307415, 37.28289106143778 ], [ 126.978506281343456, 37.282858921352179 ], [ 126.978410169496613, 37.27798761068199 ], [ 126.978416719921739, 37.277370141914936 ], [ 126.97844670006171, 37.27729032065681 ], [ 126.978593479253789, 37.277065619586779 ], [ 126.979009746651329, 37.276711403015526 ], [ 126.9796351357638, 37.276193609570846 ], [ 126.964985698360579, 37.273564518262397 ], [ 126.962114510376693, 37.273163233281124 ], [ 126.95938198417447, 37.279792930889435 ], [ 126.959499331637176, 37.279845999744673 ], [ 126.960043912078362, 37.28009225686305 ], [ 126.960907429530764, 37.280209993050192 ], [ 126.961771269937771, 37.281866846863956 ], [ 126.96209876262148, 37.282016722213442 ], [ 126.96283312416702, 37.282352786850005 ], [ 126.964957595777449, 37.28332464171006 ], [ 126.965029694228761, 37.283356146633068 ], [ 126.965064404735855, 37.283371379236328 ], [ 126.964778774532775, 37.284477521226655 ], [ 126.964236419209442, 37.285299928671861 ], [ 126.963678899174013, 37.286213232919991 ], [ 126.963106911277478, 37.288779804433702 ], [ 126.963905022155629, 37.288781168476092 ], [ 126.964063532289671, 37.288780759562286 ], [ 126.96655279927036, 37.287666395559022 ], [ 126.969733339370549, 37.287765178571149 ] ] ] ] } },
{ "type": "Feature", "properties": { "adm_nm": "경기도 수원시권선구 호매실동", "adm_cd2": "4111366400", "sgg": "41113", "sido": "41", "sidonm": "경기도", "sggnm": "수원시권선구", "adm_cd": "31012660" }, "geometry": { "type": "MultiPolygon", "coordinates": [ [ [ [ 126.962114510376693, 37.273163233281124 ], [ 126.963848464621961, 37.271905771761233 ], [ 126.967727517472341, 37.267941356585716 ], [ 126.969490188518947, 37.265369058460223 ], [ 126.97007772667267, 37.264510860227453 ], [ 126.970440610853203, 37.263429803557869 ], [ 126.970653545011885, 37.262795418313658 ], [ 126.970470408307037, 37.261079438387192 ], [ 126.969056537543892, 37.260670859780795 ], [ 126.968658864776714, 37.260334713099049 ], [ 126.967510149633569, 37.259363655729906 ], [ 126.967436767078553, 37.258360507908236 ], [ 126.967380671313023, 37.258348816893474 ], [ 126.96732637279645, 37.258337494495215 ], [ 126.966779549597845, 37.258120952211065 ], [ 126.966406810054991, 37.25790071666777 ], [ 126.965483186435122, 37.257351177026784 ], [ 126.960737110873779, 37.253577606092811 ], [ 126.958518384058522, 37.253393961958658 ], [ 126.953154571961107, 37.252925174407778 ], [ 126.952895917142826, 37.252702362965088 ], [ 126.952244335242227, 37.251472629692238 ], [ 126.950707760629456, 37.252372085984419 ], [ 126.949982613127148, 37.253818836016691 ], [ 126.950202896002793, 37.255314981596456 ], [ 126.950161440000315, 37.25545488266345 ], [ 126.950046117156973, 37.255843884866394 ], [ 126.948530660076983, 37.256830620570298 ], [ 126.947919180092299, 37.25708128754642 ], [ 126.946529725243209, 37.257504088671801 ], [ 126.945838031619743, 37.257343668435986 ], [ 126.945042285411589, 37.257159103961037 ], [ 126.944726602460264, 37.257038820362304 ], [ 126.944662053565068, 37.257014225095915 ], [ 126.943587782496294, 37.256842423890269 ], [ 126.939504048940691, 37.25658882270524 ], [ 126.939276821311992, 37.256588733830817 ], [ 126.938231032407586, 37.256588400649882 ], [ 126.935776953595308, 37.256771657412067 ], [ 126.935132385610146, 37.256917312797853 ], [ 126.935093406718707, 37.256945295327888 ], [ 126.934950258395588, 37.257049399068904 ], [ 126.934784057437838, 37.257881266541581 ], [ 126.932003884047361, 37.260560868906531 ], [ 126.93084573671328, 37.261042058333445 ], [ 126.931563762036305, 37.26135785617624 ], [ 126.933168187050555, 37.262015887830913 ], [ 126.935809069463204, 37.262697008098051 ], [ 126.93706004161028, 37.263214990040268 ], [ 126.93758338450013, 37.264031670534671 ], [ 126.937846361935414, 37.264870638034552 ], [ 126.938764506931477, 37.265752755935196 ], [ 126.93859036051667, 37.266380748556756 ], [ 126.939298272054643, 37.2668603730352 ], [ 126.939520222040684, 37.267359240431077 ], [ 126.939931287632092, 37.267597539449397 ], [ 126.940556897183797, 37.268608395383765 ], [ 126.940776050063846, 37.269122632038574 ], [ 126.941220987444154, 37.269579402395188 ], [ 126.941688932740561, 37.270464566139303 ], [ 126.942158145990419, 37.270847146711446 ], [ 126.942896011679707, 37.271197048136884 ], [ 126.943526324028667, 37.271157944791511 ], [ 126.944363581990487, 37.271245596779039 ], [ 126.945317658030305, 37.271341521481716 ], [ 126.946233230809881, 37.27045926069831 ], [ 126.947033031224763, 37.270437604363174 ], [ 126.9478354756084, 37.270700047087963 ], [ 126.948395897740397, 37.270652040293498 ], [ 126.949229563731762, 37.270354278659006 ], [ 126.950647618804624, 37.269581174514471 ], [ 126.951876350934853, 37.26909149889147 ], [ 126.952906209055698, 37.269116553850139 ], [ 126.95292926711771, 37.268761295150277 ], [ 126.95604468421206, 37.268790540815566 ], [ 126.957431695034259, 37.269641083632926 ], [ 126.959029161357577, 37.270445242738063 ], [ 126.960264457774272, 37.272000572132328 ], [ 126.962114510376693, 37.273163233281124 ] ] ] ] } },
{ "type": "Feature", "properties": { "adm_nm": "경기도 수원시권선구 곡선동", "adm_cd2": "4111369000", "sgg": "41113", "sido": "41", "sidonm": "경기도", "sggnm": "수원시권선구", "adm_cd": "31012610" }, "geometry": { "type": "MultiPolygon", "coordinates": [ [ [ [ 127.042535355271298, 37.251161372284507 ], [ 127.041243959457873, 37.249814417558426 ], [ 127.03974442211306, 37.247356797852987 ], [ 127.039556997215485, 37.247003397449795 ], [ 127.03950490728117, 37.246762071060054 ], [ 127.039514686846402, 37.246544646940194 ], [ 127.039608079481312, 37.246137127691576 ], [ 127.03982174778335, 37.245766131722696 ], [ 127.040206223020704, 37.245233547102998 ], [ 127.040305397788941, 37.245033371146356 ], [ 127.040306664863635, 37.244939856043622 ], [ 127.04030986041964, 37.244645787407578 ], [ 127.04017484384903, 37.244366956598441 ], [ 127.039683262466326, 37.243503054255669 ], [ 127.038992582546214, 37.242725592313761 ], [ 127.037137196826151, 37.240500473312274 ], [ 127.036699891523199, 37.238400803242776 ], [ 127.033471284813331, 37.235301239090433 ], [ 127.029643913682776, 37.232010238325991 ], [ 127.026139277968639, 37.230671211121674 ], [ 127.022898526402074, 37.229514548473432 ], [ 127.023968552553143, 37.227415211714252 ], [ 127.02395591418437, 37.227184177187702 ], [ 127.02389538090452, 37.22706224486803 ], [ 127.022628192689069, 37.224897164093015 ], [ 127.022499954872757, 37.224788479118935 ], [ 127.021985643281837, 37.224456266616762 ], [ 127.021662617855412, 37.224290456889321 ], [ 127.021371295234474, 37.22423632268805 ], [ 127.017000758118272, 37.225530116882872 ], [ 127.016583054886667, 37.225668377559224 ], [ 127.016361723722795, 37.225757366051475 ], [ 127.015166587827764, 37.226240362254337 ], [ 127.014486948417627, 37.226535039990999 ], [ 127.01403067330385, 37.226714575330931 ], [ 127.013596355479692, 37.226875044338954 ], [ 127.011887103423874, 37.227213924254059 ], [ 127.011578937476116, 37.227257723752523 ], [ 127.011273770507827, 37.227274492839477 ], [ 127.010695946230982, 37.227291261730279 ], [ 127.009865906061165, 37.227306984281967 ], [ 127.00809612297202, 37.22784499164046 ], [ 127.003683955853234, 37.229291369782516 ], [ 127.003176508303554, 37.229863873038404 ], [ 127.002958027794662, 37.230466776258247 ], [ 127.002943309206856, 37.230507394606441 ], [ 127.003009887358445, 37.232835481541521 ], [ 127.005497216880443, 37.234302832783932 ], [ 127.00681365713443, 37.235020237711993 ], [ 127.009646743147044, 37.236563441684112 ], [ 127.010604214984212, 37.23657866987952 ], [ 127.010926770501342, 37.236512631943924 ], [ 127.011731683696595, 37.236347833641638 ], [ 127.012690600227216, 37.236150537289063 ], [ 127.012859152895601, 37.236115859893154 ], [ 127.013904532564567, 37.236484095009878 ], [ 127.015611990398739, 37.237120943323617 ], [ 127.015996431924648, 37.237833492933767 ], [ 127.017667704328204, 37.237843692065866 ], [ 127.019339732787017, 37.237853870680006 ], [ 127.019711669439658, 37.237046392866212 ], [ 127.019806995751026, 37.236839439806062 ], [ 127.020057986050688, 37.236307929152176 ], [ 127.020138394955168, 37.236137653632703 ], [ 127.020803522770507, 37.234805189051393 ], [ 127.021288603513781, 37.233868584764828 ], [ 127.021361064109243, 37.233905819675883 ], [ 127.023452301990133, 37.234999537449667 ], [ 127.024341747729267, 37.235523671036901 ], [ 127.025127034491035, 37.236028225587411 ], [ 127.025673724800527, 37.236380835235295 ], [ 127.02598409992828, 37.236662638295229 ], [ 127.026496957920784, 37.237130037014744 ], [ 127.026640590577131, 37.237261314013857 ], [ 127.02681505845031, 37.237477319311751 ], [ 127.02687223709512, 37.237548190366816 ], [ 127.027185976145489, 37.2379372881284 ], [ 127.027834875394319, 37.23896409104686 ], [ 127.029062947630706, 37.241260407437316 ], [ 127.029657124989924, 37.242037799891975 ], [ 127.030409668606339, 37.243251467461754 ], [ 127.030434924451441, 37.243293252751243 ], [ 127.031568929663692, 37.245235451491304 ], [ 127.032447159784653, 37.246781819060359 ], [ 127.033449154903565, 37.249072983485476 ], [ 127.033488782648462, 37.249165496748567 ], [ 127.034279399572199, 37.251016219184415 ], [ 127.035069981500243, 37.252867478380089 ], [ 127.036952181175224, 37.252393968049205 ], [ 127.03946686085655, 37.254171405032551 ], [ 127.040393402138477, 37.252449714205135 ], [ 127.042535355271298, 37.251161372284507 ] ] ] ] } },
{ "type": "Feature", "properties": { "adm_nm": "경기도 수원시권선구 입북동", "adm_cd2": "4111370000", "sgg": "41113", "sido": "41", "sidonm": "경기도", "sggnm": "수원시권선구", "adm_cd": "31012620" }, "geometry": { "type": "MultiPolygon", "coordinates": [ [ [ [ 126.961075216673606, 37.301968712146298 ], [ 126.961414673194298, 37.302050985596395 ], [ 126.964242502775662, 37.302722625127672 ], [ 126.964255001769274, 37.302668543549473 ], [ 126.964442639201664, 37.301665555792063 ], [ 126.964207003226065, 37.301081968250841 ], [ 126.964184117797899, 37.30102665471825 ], [ 126.963954026202757, 37.300737142050906 ], [ 126.963718601972474, 37.30044089844818 ], [ 126.963673961325085, 37.29997422858721 ], [ 126.963667183767399, 37.298743804971387 ], [ 126.964952480469321, 37.296792485928094 ], [ 126.965002314946432, 37.296776819749162 ], [ 126.96509735883636, 37.296746944700132 ], [ 126.965499752362504, 37.296668503112585 ], [ 126.966044735095437, 37.296202503065878 ], [ 126.967769379730413, 37.294630588677215 ], [ 126.968072361751652, 37.294263508540766 ], [ 126.969803874219352, 37.288686051239409 ], [ 126.969786345660097, 37.288370486703627 ], [ 126.96975442743674, 37.287996267422251 ], [ 126.969733339370549, 37.287765178571149 ], [ 126.96655279927036, 37.287666395559022 ], [ 126.964063532289671, 37.288780759562286 ], [ 126.963905022155629, 37.288781168476092 ], [ 126.963106911277478, 37.288779804433702 ], [ 126.963678899174013, 37.286213232919991 ], [ 126.964236419209442, 37.285299928671861 ], [ 126.964778774532775, 37.284477521226655 ], [ 126.965064404735855, 37.283371379236328 ], [ 126.965029694228761, 37.283356146633068 ], [ 126.964957595777449, 37.28332464171006 ], [ 126.96283312416702, 37.282352786850005 ], [ 126.96209876262148, 37.282016722213442 ], [ 126.961771269937771, 37.281866846863956 ], [ 126.960907429530764, 37.280209993050192 ], [ 126.960043912078362, 37.28009225686305 ], [ 126.95354760269089, 37.282571372217561 ], [ 126.952805790602966, 37.282965998648734 ], [ 126.949170087748371, 37.28264379137407 ], [ 126.946802479363598, 37.281786571550072 ], [ 126.944029389446698, 37.281426544647779 ], [ 126.94362999463165, 37.281378471918067 ], [ 126.94306624273581, 37.281495768614533 ], [ 126.942174153643677, 37.281657811097723 ], [ 126.941308380012117, 37.28156020890578 ], [ 126.940481303718968, 37.279665639691707 ], [ 126.940649456069693, 37.279330667047759 ], [ 126.941083107271098, 37.278844838639586 ], [ 126.94196758889403, 37.277922887448952 ], [ 126.942166566186572, 37.277619020540406 ], [ 126.942295662753949, 37.277421862234199 ], [ 126.941928170462035, 37.277254492824262 ], [ 126.941433897740453, 37.277129022819899 ], [ 126.941399006749521, 37.277120168787583 ], [ 126.940742350551417, 37.27706636515984 ], [ 126.937917266746425, 37.277184812774493 ], [ 126.936656373340995, 37.2772563023929 ], [ 126.93409371160682, 37.277423491573977 ], [ 126.933898016249259, 37.277540926256506 ], [ 126.933736075005044, 37.277638114640006 ], [ 126.933471341442171, 37.277816224328653 ], [ 126.933366914681798, 37.277886483528533 ], [ 126.933271018735525, 37.277947273825617 ], [ 126.933089937011218, 37.278062054921463 ], [ 126.932054310798918, 37.278247509034969 ], [ 126.92903529135279, 37.278738890015262 ], [ 126.927396193276763, 37.278845891579252 ], [ 126.927674095616894, 37.279461315341919 ], [ 126.927779849134353, 37.27992604155174 ], [ 126.92807744173993, 37.282338692769237 ], [ 126.929133161000721, 37.285569630007259 ], [ 126.929244417735404, 37.28588602168962 ], [ 126.929291896047786, 37.286021026056744 ], [ 126.929591500679919, 37.286218585081627 ], [ 126.931390507842821, 37.288419865347464 ], [ 126.932447110830111, 37.290157875503567 ], [ 126.932813619724001, 37.291018099654657 ], [ 126.932977610910214, 37.291625149076864 ], [ 126.934066030639897, 37.292323299314162 ], [ 126.935066002617134, 37.292688632000633 ], [ 126.939293255764042, 37.294976846565696 ], [ 126.939545965398196, 37.295321696159952 ], [ 126.939542219650718, 37.295352100212725 ], [ 126.939342301701629, 37.296919565428304 ], [ 126.936517500416812, 37.297656554096065 ], [ 126.935466803051028, 37.298030129083706 ], [ 126.933548437395785, 37.299849649085864 ], [ 126.932589571028117, 37.300759961978912 ], [ 126.9327648013832, 37.302965588134718 ], [ 126.932953209264099, 37.303047843714332 ], [ 126.934746497324227, 37.303065436315457 ], [ 126.941587575366341, 37.301022473194784 ], [ 126.951737551371536, 37.300647120269979 ], [ 126.952293281766487, 37.300649693413781 ], [ 126.952906951880735, 37.302133881275836 ], [ 126.954100943634842, 37.303072917737452 ], [ 126.954302098471913, 37.303142571590826 ], [ 126.954509004031394, 37.303109727988257 ], [ 126.955528908060671, 37.302895838501904 ], [ 126.955770731814752, 37.302807938032927 ], [ 126.959386381242126, 37.30222959477252 ], [ 126.961075216673606, 37.301968712146298 ] ] ] ] } },
{ "type": "Feature", "properties": { "adm_nm": "경기도 수원시권선구 금곡동", "adm_cd2": "4111366200", "sgg": "41113", "sido": "41", "sidonm": "경기도", "sggnm": "수원시권선구", "adm_cd": "31012650" }, "geometry": { "type": "MultiPolygon", "coordinates": [ [ [ [ 126.960043912078362, 37.28009225686305 ], [ 126.959499331637176, 37.279845999744673 ], [ 126.95938198417447, 37.279792930889435 ], [ 126.962114510376693, 37.273163233281124 ], [ 126.960264457774272, 37.272000572132328 ], [ 126.959029161357577, 37.270445242738063 ], [ 126.957431695034259, 37.269641083632926 ], [ 126.95604468421206, 37.268790540815566 ], [ 126.95292926711771, 37.268761295150277 ], [ 126.952906209055698, 37.269116553850139 ], [ 126.951876350934853, 37.26909149889147 ], [ 126.950647618804624, 37.269581174514471 ], [ 126.949229563731762, 37.270354278659006 ], [ 126.948395897740397, 37.270652040293498 ], [ 126.9478354756084, 37.270700047087963 ], [ 126.947033031224763, 37.270437604363174 ], [ 126.946233230809881, 37.27045926069831 ], [ 126.945317658030305, 37.271341521481716 ], [ 126.944363581990487, 37.271245596779039 ], [ 126.943526324028667, 37.271157944791511 ], [ 126.942896011679707, 37.271197048136884 ], [ 126.942158145990419, 37.270847146711446 ], [ 126.941688932740561, 37.270464566139303 ], [ 126.941220987444154, 37.269579402395188 ], [ 126.940776050063846, 37.269122632038574 ], [ 126.940556897183797, 37.268608395383765 ], [ 126.939931287632092, 37.267597539449397 ], [ 126.939520222040684, 37.267359240431077 ], [ 126.939298272054643, 37.2668603730352 ], [ 126.93859036051667, 37.266380748556756 ], [ 126.938764506931477, 37.265752755935196 ], [ 126.937846361935414, 37.264870638034552 ], [ 126.93758338450013, 37.264031670534671 ], [ 126.93706004161028, 37.263214990040268 ], [ 126.935809069463204, 37.262697008098051 ], [ 126.933168187050555, 37.262015887830913 ], [ 126.931563762036305, 37.26135785617624 ], [ 126.93084573671328, 37.261042058333445 ], [ 126.930233006933577, 37.261913460560955 ], [ 126.929008192603789, 37.263656267095747 ], [ 126.927264684416699, 37.271431339651478 ], [ 126.927527124536482, 37.273452847890439 ], [ 126.928203605202725, 37.27507740081581 ], [ 126.928681820604453, 37.276719128760917 ], [ 126.928020686784606, 37.277075436950348 ], [ 126.927593537944659, 37.278213772988693 ], [ 126.927374559101992, 37.278797346317106 ], [ 126.927396193276763, 37.278845891579252 ], [ 126.92903529135279, 37.278738890015262 ], [ 126.932054310798918, 37.278247509034969 ], [ 126.933089937011218, 37.278062054921463 ], [ 126.933271018735525, 37.277947273825617 ], [ 126.933366914681798, 37.277886483528533 ], [ 126.933471341442171, 37.277816224328653 ], [ 126.933736075005044, 37.277638114640006 ], [ 126.933898016249259, 37.277540926256506 ], [ 126.93409371160682, 37.277423491573977 ], [ 126.936656373340995, 37.2772563023929 ], [ 126.937917266746425, 37.277184812774493 ], [ 126.940742350551417, 37.27706636515984 ], [ 126.941399006749521, 37.277120168787583 ], [ 126.941433897740453, 37.277129022819899 ], [ 126.941928170462035, 37.277254492824262 ], [ 126.942295662753949, 37.277421862234199 ], [ 126.942166566186572, 37.277619020540406 ], [ 126.94196758889403, 37.277922887448952 ], [ 126.941083107271098, 37.278844838639586 ], [ 126.940649456069693, 37.279330667047759 ], [ 126.940481303718968, 37.279665639691707 ], [ 126.941308380012117, 37.28156020890578 ], [ 126.942174153643677, 37.281657811097723 ], [ 126.94306624273581, 37.281495768614533 ], [ 126.94362999463165, 37.281378471918067 ], [ 126.944029389446698, 37.281426544647779 ], [ 126.946802479363598, 37.281786571550072 ], [ 126.949170087748371, 37.28264379137407 ], [ 126.952805790602966, 37.282965998648734 ], [ 126.95354760269089, 37.282571372217561 ], [ 126.960043912078362, 37.28009225686305 ] ] ] ] } },
{ "type": "Feature", "properties": { "adm_nm": "경기도 수원시권선구 권선2동", "adm_cd2": "4111368000", "sgg": "41113", "sido": "41", "sidonm": "경기도", "sggnm": "수원시권선구", "adm_cd": "31012640" }, "geometry": { "type": "MultiPolygon", "coordinates": [ [ [ [ 127.035069981500243, 37.252867478380089 ], [ 127.034279399572199, 37.251016219184415 ], [ 127.033488782648462, 37.249165496748567 ], [ 127.033449154903565, 37.249072983485476 ], [ 127.032447159784653, 37.246781819060359 ], [ 127.031568929663692, 37.245235451491304 ], [ 127.030434924451441, 37.243293252751243 ], [ 127.030409668606339, 37.243251467461754 ], [ 127.029657124989924, 37.242037799891975 ], [ 127.029062947630706, 37.241260407437316 ], [ 127.027834875394319, 37.23896409104686 ], [ 127.027185976145489, 37.2379372881284 ], [ 127.02687223709512, 37.237548190366816 ], [ 127.02681505845031, 37.237477319311751 ], [ 127.026640590577131, 37.237261314013857 ], [ 127.026496957920784, 37.237130037014744 ], [ 127.02598409992828, 37.236662638295229 ], [ 127.025673724800527, 37.236380835235295 ], [ 127.025127034491035, 37.236028225587411 ], [ 127.024341747729267, 37.235523671036901 ], [ 127.023452301990133, 37.234999537449667 ], [ 127.021361064109243, 37.233905819675883 ], [ 127.021288603513781, 37.233868584764828 ], [ 127.020803522770507, 37.234805189051393 ], [ 127.020138394955168, 37.236137653632703 ], [ 127.020057986050688, 37.236307929152176 ], [ 127.019806995751026, 37.236839439806062 ], [ 127.019711669439658, 37.237046392866212 ], [ 127.019339732787017, 37.237853870680006 ], [ 127.017667704328204, 37.237843692065866 ], [ 127.015996431924648, 37.237833492933767 ], [ 127.0156936941422, 37.239369336957495 ], [ 127.016208508517948, 37.241026434475437 ], [ 127.017673696757726, 37.24597094145372 ], [ 127.017713955971487, 37.247947417721527 ], [ 127.018000418581039, 37.248667447860704 ], [ 127.018099175528093, 37.248869487699906 ], [ 127.018735785819331, 37.250166756955174 ], [ 127.020256900658637, 37.253132988262045 ], [ 127.021899722289092, 37.256248222358053 ], [ 127.035069981500243, 37.252867478380089 ] ] ] ] } },
{ "type": "Feature", "properties": { "adm_nm": "경기도 수원시팔달구 지동", "adm_cd2": "4111570000", "sgg": "41115", "sido": "41", "sidonm": "경기도", "sggnm": "수원시팔달구", "adm_cd": "31013530" }, "geometry": { "type": "MultiPolygon", "coordinates": [ [ [ [ 127.025102901045244, 37.289508060133016 ], [ 127.025253710941399, 37.289505098312929 ], [ 127.025424933685471, 37.289299587354201 ], [ 127.025610749815726, 37.289011372547193 ], [ 127.028680996354566, 37.283554961891866 ], [ 127.028819085270001, 37.283308981049416 ], [ 127.029060296657619, 37.28287930110708 ], [ 127.029143007030285, 37.282730900514629 ], [ 127.029473467153167, 37.282130986261862 ], [ 127.029513844309662, 37.282050679507499 ], [ 127.029963926755798, 37.280992223370234 ], [ 127.030348860764803, 37.280086725474362 ], [ 127.030718757992744, 37.279216095502662 ], [ 127.030802866836822, 37.279017491630213 ], [ 127.030889768650269, 37.278812273524608 ], [ 127.031146028539354, 37.278189074539888 ], [ 127.031004221273136, 37.278197166165306 ], [ 127.030311017017922, 37.278234214200822 ], [ 127.030002063615115, 37.278248762310668 ], [ 127.029963356866247, 37.278248608624068 ], [ 127.029805453216426, 37.278245728049598 ], [ 127.029649698232632, 37.278238348839963 ], [ 127.029484807845989, 37.27822529941254 ], [ 127.029361541316774, 37.278206781547922 ], [ 127.029223517824036, 37.278181444425414 ], [ 127.029141782222482, 37.278160073629543 ], [ 127.029049010509993, 37.278127793487705 ], [ 127.028902845832434, 37.278069791395126 ], [ 127.028743196155389, 37.277990240836083 ], [ 127.028478328289012, 37.277830278733525 ], [ 127.027657594996555, 37.27729634888599 ], [ 127.027395665362647, 37.277124543670205 ], [ 127.027343045931502, 37.277090026585455 ], [ 127.027201225174053, 37.276995940769069 ], [ 127.027148669198326, 37.276960324152292 ], [ 127.027087498109765, 37.276918868127822 ], [ 127.026943585627862, 37.276820266683032 ], [ 127.026661243545263, 37.27665012696643 ], [ 127.026449538918996, 37.276571535163136 ], [ 127.0263798679579, 37.276550975104428 ], [ 127.026179316350735, 37.276492708771897 ], [ 127.025364401016319, 37.276259589091971 ], [ 127.022898458357545, 37.27557250514581 ], [ 127.022015943948318, 37.275330076049016 ], [ 127.021867269807004, 37.275317081502116 ], [ 127.021334418870168, 37.275299153756862 ], [ 127.021180765868579, 37.275294026302248 ], [ 127.020743771182381, 37.275282117281193 ], [ 127.019741407204364, 37.275261153883747 ], [ 127.018826860801397, 37.277728380761587 ], [ 127.018805054503076, 37.277829698731026 ], [ 127.018791770206931, 37.278147196134398 ], [ 127.023247009360148, 37.283535120423821 ], [ 127.024334709325345, 37.285356791219954 ], [ 127.025264009243031, 37.28741616219304 ], [ 127.02466343512279, 37.289516240235351 ], [ 127.025102901045244, 37.289508060133016 ] ] ] ] } },
{ "type": "Feature", "properties": { "adm_nm": "경기도 수원시팔달구 우만1동", "adm_cd2": "4111571000", "sgg": "41115", "sido": "41", "sidonm": "경기도", "sggnm": "수원시팔달구", "adm_cd": "31013540" }, "geometry": { "type": "MultiPolygon", "coordinates": [ [ [ [ 127.038805134342681, 37.284797001572805 ], [ 127.038409621105544, 37.28374428294417 ], [ 127.036598014173265, 37.283878830403104 ], [ 127.033619067807152, 37.283106743732546 ], [ 127.032987869226886, 37.281781642839015 ], [ 127.032384423820304, 37.280396462932906 ], [ 127.031685703408982, 37.278140503871889 ], [ 127.031146028539354, 37.278189074539888 ], [ 127.030889768650269, 37.278812273524608 ], [ 127.030802866836822, 37.279017491630213 ], [ 127.030718757992744, 37.279216095502662 ], [ 127.030348860764803, 37.280086725474362 ], [ 127.029963926755798, 37.280992223370234 ], [ 127.029513844309662, 37.282050679507499 ], [ 127.029473467153167, 37.282130986261862 ], [ 127.029143007030285, 37.282730900514629 ], [ 127.029060296657619, 37.28287930110708 ], [ 127.028819085270001, 37.283308981049416 ], [ 127.028680996354566, 37.283554961891866 ], [ 127.025610749815726, 37.289011372547193 ], [ 127.025424933685471, 37.289299587354201 ], [ 127.025253710941399, 37.289505098312929 ], [ 127.025102901045244, 37.289508060133016 ], [ 127.025277852756702, 37.289815043620827 ], [ 127.025865410858046, 37.290681606778755 ], [ 127.025986284421094, 37.290853571414338 ], [ 127.026036790058924, 37.290912634457186 ], [ 127.026085018827715, 37.290968677717999 ], [ 127.026331358914661, 37.291154448812811 ], [ 127.026515236216795, 37.291292646546736 ], [ 127.026609488120528, 37.291330205897665 ], [ 127.026917788452536, 37.291449863211156 ], [ 127.027178549654394, 37.291551067658197 ], [ 127.027261409361842, 37.291572067510891 ], [ 127.027341182746326, 37.291592279785228 ], [ 127.028200113008666, 37.291805279931218 ], [ 127.030691253993041, 37.29237063662417 ], [ 127.031071175750355, 37.292433025942238 ], [ 127.031152100150308, 37.29243896939974 ], [ 127.031644079831921, 37.292472465864613 ], [ 127.031875968731811, 37.292488030823158 ], [ 127.032102449707509, 37.292504213936425 ], [ 127.0323933125933, 37.292525004703478 ], [ 127.032829599761342, 37.292564331745105 ], [ 127.033015849421176, 37.292599010386326 ], [ 127.033187205281664, 37.292655459865394 ], [ 127.033359173519926, 37.292716923241116 ], [ 127.033421449389053, 37.292746522526699 ], [ 127.033554083717263, 37.29285070518749 ], [ 127.033823329626244, 37.293098521550888 ], [ 127.033931986385909, 37.293201483507204 ], [ 127.035732635793551, 37.293365176856838 ], [ 127.038261492759318, 37.292986344730103 ], [ 127.039331053881412, 37.292431650283703 ], [ 127.043221766157615, 37.290372381986764 ], [ 127.042949362226324, 37.289362920789159 ], [ 127.042740026646442, 37.289178725143664 ], [ 127.04246190161949, 37.288934005236982 ], [ 127.042388275347093, 37.288867243009555 ], [ 127.038849680011182, 37.285651284273783 ], [ 127.038805134342681, 37.284797001572805 ] ] ] ] } },
{ "type": "Feature", "properties": { "adm_nm": "경기도 수원시팔달구 우만2동", "adm_cd2": "4111572000", "sgg": "41115", "sido": "41", "sidonm": "경기도", "sggnm": "수원시팔달구", "adm_cd": "31013550" }, "geometry": { "type": "MultiPolygon", "coordinates": [ [ [ [ 127.044072937172245, 37.285426978858879 ], [ 127.043520532222956, 37.285155626640474 ], [ 127.041783831874596, 37.284126963453836 ], [ 127.041725772987391, 37.284063731395342 ], [ 127.041833919493968, 37.283656180041163 ], [ 127.043254905452173, 37.27999075141534 ], [ 127.043755591058357, 37.27915438615593 ], [ 127.044053840825484, 37.274707160443825 ], [ 127.041594429514447, 37.275480747797879 ], [ 127.040364703076293, 37.275866936235275 ], [ 127.038504134063885, 37.276464780997898 ], [ 127.037897371308176, 37.276656213468804 ], [ 127.037640312286641, 37.27672844700195 ], [ 127.035806997980984, 37.277241826603991 ], [ 127.033670753299873, 37.277830603101627 ], [ 127.033180310034354, 37.277941686650472 ], [ 127.033006558643663, 37.277971630650974 ], [ 127.032648658787068, 37.278032765829245 ], [ 127.032416475184633, 37.278070158120826 ], [ 127.032036954401946, 37.278106967597687 ], [ 127.031685703408982, 37.278140503871889 ], [ 127.032384423820304, 37.280396462932906 ], [ 127.032987869226886, 37.281781642839015 ], [ 127.033619067807152, 37.283106743732546 ], [ 127.036598014173265, 37.283878830403104 ], [ 127.038409621105544, 37.28374428294417 ], [ 127.038805134342681, 37.284797001572805 ], [ 127.039946188820736, 37.285441502123156 ], [ 127.040615753132855, 37.285715646815127 ], [ 127.04079110542132, 37.285751256150832 ], [ 127.042961151805045, 37.285897116297051 ], [ 127.043382956043061, 37.285869449877325 ], [ 127.044072937172245, 37.285426978858879 ] ] ] ] } },
{ "type": "Feature", "properties": { "adm_nm": "경기도 수원시팔달구 인계동", "adm_cd2": "4111573000", "sgg": "41115", "sido": "41", "sidonm": "경기도", "sggnm": "수원시팔달구", "adm_cd": "31013560" }, "geometry": { "type": "MultiPolygon", "coordinates": [ [ [ [ 127.031146028539354, 37.278189074539888 ], [ 127.031685703408982, 37.278140503871889 ], [ 127.032036954401946, 37.278106967597687 ], [ 127.032416475184633, 37.278070158120826 ], [ 127.032648658787068, 37.278032765829245 ], [ 127.033006558643663, 37.277971630650974 ], [ 127.033180310034354, 37.277941686650472 ], [ 127.033670753299873, 37.277830603101627 ], [ 127.035806997980984, 37.277241826603991 ], [ 127.037640312286641, 37.27672844700195 ], [ 127.037897371308176, 37.276656213468804 ], [ 127.038504134063885, 37.276464780997898 ], [ 127.040364703076293, 37.275866936235275 ], [ 127.040186094776445, 37.275444863850623 ], [ 127.038866959836653, 37.275233538987621 ], [ 127.03859150646764, 37.275200916913526 ], [ 127.037883205992628, 37.275140915589489 ], [ 127.036993432576963, 37.27506735554131 ], [ 127.037303619367975, 37.273470762255315 ], [ 127.037734333629814, 37.271959317108994 ], [ 127.038334552259244, 37.26946135509624 ], [ 127.038246115202995, 37.26942163729845 ], [ 127.037472070875822, 37.269082846412104 ], [ 127.034794175840901, 37.267937796146107 ], [ 127.035866573182261, 37.26638928151273 ], [ 127.035936650595261, 37.266373754778634 ], [ 127.036895709135379, 37.266161202578964 ], [ 127.040229647774993, 37.265385476641001 ], [ 127.040408620832139, 37.265283700093846 ], [ 127.036674217391592, 37.25652104110118 ], [ 127.033408027486459, 37.257400695752132 ], [ 127.032900050901162, 37.257538309992611 ], [ 127.032375500995087, 37.257680462720543 ], [ 127.030461508050536, 37.258201330952929 ], [ 127.030697429203713, 37.258800568429095 ], [ 127.03104023289437, 37.2596683929767 ], [ 127.031559307680141, 37.260983104562222 ], [ 127.031588500455143, 37.261057445438645 ], [ 127.031473589757056, 37.261334238239122 ], [ 127.031347272897492, 37.261541542294452 ], [ 127.02934928316769, 37.262282490073289 ], [ 127.026088892684157, 37.263137074723979 ], [ 127.02307626652464, 37.263906961259046 ], [ 127.020676719247547, 37.264501184152486 ], [ 127.019319414991543, 37.265786963234845 ], [ 127.019145198253653, 37.266140015903993 ], [ 127.018985797813357, 37.266782548904573 ], [ 127.018794921248741, 37.268126165783499 ], [ 127.018794420795018, 37.268316465950761 ], [ 127.018873993773639, 37.270322505875512 ], [ 127.018214555285965, 37.272254437944518 ], [ 127.019741407204364, 37.275261153883747 ], [ 127.020743771182381, 37.275282117281193 ], [ 127.021180765868579, 37.275294026302248 ], [ 127.021334418870168, 37.275299153756862 ], [ 127.021867269807004, 37.275317081502116 ], [ 127.022015943948318, 37.275330076049016 ], [ 127.022898458357545, 37.27557250514581 ], [ 127.025364401016319, 37.276259589091971 ], [ 127.026179316350735, 37.276492708771897 ], [ 127.0263798679579, 37.276550975104428 ], [ 127.026449538918996, 37.276571535163136 ], [ 127.026661243545263, 37.27665012696643 ], [ 127.026943585627862, 37.276820266683032 ], [ 127.027087498109765, 37.276918868127822 ], [ 127.027148669198326, 37.276960324152292 ], [ 127.027201225174053, 37.276995940769069 ], [ 127.027343045931502, 37.277090026585455 ], [ 127.027395665362647, 37.277124543670205 ], [ 127.027657594996555, 37.27729634888599 ], [ 127.028478328289012, 37.277830278733525 ], [ 127.028743196155389, 37.277990240836083 ], [ 127.028902845832434, 37.278069791395126 ], [ 127.029049010509993, 37.278127793487705 ], [ 127.029141782222482, 37.278160073629543 ], [ 127.029223517824036, 37.278181444425414 ], [ 127.029361541316774, 37.278206781547922 ], [ 127.029484807845989, 37.27822529941254 ], [ 127.029649698232632, 37.278238348839963 ], [ 127.029805453216426, 37.278245728049598 ], [ 127.029963356866247, 37.278248608624068 ], [ 127.030002063615115, 37.278248762310668 ], [ 127.030311017017922, 37.278234214200822 ], [ 127.031004221273136, 37.278197166165306 ], [ 127.031146028539354, 37.278189074539888 ] ] ] ] } },
{ "type": "Feature", "properties": { "adm_nm": "경기도 수원시팔달구 매교동", "adm_cd2": "4111565000", "sgg": "41115", "sido": "41", "sidonm": "경기도", "sggnm": "수원시팔달구", "adm_cd": "31013670" }, "geometry": { "type": "MultiPolygon", "coordinates": [ [ [ [ 127.018214555285965, 37.272254437944518 ], [ 127.018873993773639, 37.270322505875512 ], [ 127.018794420795018, 37.268316465950761 ], [ 127.018794921248741, 37.268126165783499 ], [ 127.018985797813357, 37.266782548904573 ], [ 127.019145198253653, 37.266140015903993 ], [ 127.019319414991543, 37.265786963234845 ], [ 127.020676719247547, 37.264501184152486 ], [ 127.02002713819212, 37.264567281059279 ], [ 127.016743011056079, 37.264692510611525 ], [ 127.015067474975837, 37.264257497320393 ], [ 127.013584289679585, 37.264495918715632 ], [ 127.012193163168163, 37.266300887713669 ], [ 127.009813222913593, 37.267647618595745 ], [ 127.010492977554264, 37.268918029813619 ], [ 127.010836912623844, 37.269581975341467 ], [ 127.01124959400741, 37.270401757031344 ], [ 127.011504357343313, 37.271127239974312 ], [ 127.011707962395022, 37.272128625907726 ], [ 127.01177861703475, 37.273850577090982 ], [ 127.015633977769781, 37.274619915443324 ], [ 127.015634044054622, 37.274185282289736 ], [ 127.015655928434626, 37.274088112478417 ], [ 127.016074745399365, 37.272643378530745 ], [ 127.016673348048016, 37.271835728725328 ], [ 127.017066591809595, 37.271473435838374 ], [ 127.017343188726528, 37.271280898675087 ], [ 127.017530678616296, 37.271150770748456 ], [ 127.018214555285965, 37.272254437944518 ] ] ] ] } },
{ "type": "Feature", "properties": { "adm_nm": "경기도 수원시팔달구 매산동", "adm_cd2": "4111566000", "sgg": "41115", "sido": "41", "sidonm": "경기도", "sggnm": "수원시팔달구", "adm_cd": "31013680" }, "geometry": { "type": "MultiPolygon", "coordinates": [ [ [ [ 127.01177861703475, 37.273850577090982 ], [ 127.011707962395022, 37.272128625907726 ], [ 127.011504357343313, 37.271127239974312 ], [ 127.01124959400741, 37.270401757031344 ], [ 127.010836912623844, 37.269581975341467 ], [ 127.010492977554264, 37.268918029813619 ], [ 127.009813222913593, 37.267647618595745 ], [ 127.009709682487809, 37.267197634343162 ], [ 127.009604573079926, 37.266993258750304 ], [ 127.007189160867227, 37.26359624259576 ], [ 127.007103889206988, 37.263604793391146 ], [ 127.006811795650634, 37.263635233926017 ], [ 127.006251746816758, 37.263693743681841 ], [ 127.005982302220914, 37.263721914969864 ], [ 127.005247323512634, 37.263798844523222 ], [ 127.005056490680559, 37.263819328798142 ], [ 127.002196539096232, 37.264119085078313 ], [ 127.002084516499522, 37.264130818871372 ], [ 127.001912386130428, 37.264148798740834 ], [ 127.001022873961219, 37.263395769727957 ], [ 127.000389688204223, 37.264178405176224 ], [ 127.000048779079648, 37.264136437604655 ], [ 126.998892791940648, 37.265837437207573 ], [ 126.9986698127897, 37.266192543483314 ], [ 126.997431323937491, 37.269899946385955 ], [ 126.99853258806246, 37.26966570405169 ], [ 127.000393676395092, 37.270412692159645 ], [ 127.003911326070849, 37.269749209577327 ], [ 127.004339786755239, 37.269663118449145 ], [ 127.004420999376393, 37.269534991942777 ], [ 127.004502188927262, 37.269406901336225 ], [ 127.007772874071719, 37.270720781179172 ], [ 127.008746863533844, 37.272393553491064 ], [ 127.007789294455904, 37.27340046505423 ], [ 127.007840889003603, 37.273818497438192 ], [ 127.008235915538009, 37.276274179096973 ], [ 127.008569360214466, 37.276275563815666 ], [ 127.008981215801938, 37.276253611321351 ], [ 127.009091048888564, 37.276251624072692 ], [ 127.010095937910066, 37.276233441526621 ], [ 127.010227053347435, 37.276343277849982 ], [ 127.010687025013212, 37.276730520587037 ], [ 127.010771313208338, 37.276887490317513 ], [ 127.010768141389448, 37.277377582006807 ], [ 127.010706163779389, 37.277585799751037 ], [ 127.011982703650162, 37.276388269871475 ], [ 127.01177861703475, 37.273850577090982 ] ] ] ] } },
{ "type": "Feature", "properties": { "adm_nm": "경기도 수원시팔달구 고등동", "adm_cd2": "4111567000", "sgg": "41115", "sido": "41", "sidonm": "경기도", "sggnm": "수원시팔달구", "adm_cd": "31013690" }, "geometry": { "type": "MultiPolygon", "coordinates": [ [ [ [ 127.009933910047735, 37.279353843438955 ], [ 127.010706163779389, 37.277585799751037 ], [ 127.010768141389448, 37.277377582006807 ], [ 127.010771313208338, 37.276887490317513 ], [ 127.010687025013212, 37.276730520587037 ], [ 127.010227053347435, 37.276343277849982 ], [ 127.010095937910066, 37.276233441526621 ], [ 127.009091048888564, 37.276251624072692 ], [ 127.008981215801938, 37.276253611321351 ], [ 127.008569360214466, 37.276275563815666 ], [ 127.008235915538009, 37.276274179096973 ], [ 127.007840889003603, 37.273818497438192 ], [ 127.007789294455904, 37.27340046505423 ], [ 127.008746863533844, 37.272393553491064 ], [ 127.007772874071719, 37.270720781179172 ], [ 127.004502188927262, 37.269406901336225 ], [ 127.004420999376393, 37.269534991942777 ], [ 127.004339786755239, 37.269663118449145 ], [ 127.003911326070849, 37.269749209577327 ], [ 127.000393676395092, 37.270412692159645 ], [ 126.99853258806246, 37.26966570405169 ], [ 126.997431323937491, 37.269899946385955 ], [ 126.995394595982333, 37.273619460273927 ], [ 126.995961677542041, 37.275065391949539 ], [ 126.99662831829491, 37.276057505798917 ], [ 126.997897471922656, 37.276562041293154 ], [ 126.997971331053634, 37.276586016072656 ], [ 127.00153643695684, 37.277233182509235 ], [ 127.002842210448378, 37.277215012145504 ], [ 127.003241234925412, 37.277215560548747 ], [ 127.003274281999765, 37.277215699223191 ], [ 127.004355005194313, 37.278800025955697 ], [ 127.008062813186882, 37.279690861011304 ], [ 127.009933910047735, 37.279353843438955 ] ] ] ] } },
{ "type": "Feature", "properties": { "adm_nm": "경기도 수원시팔달구 화서1동", "adm_cd2": "4111568000", "sgg": "41115", "sido": "41", "sidonm": "경기도", "sggnm": "수원시팔달구", "adm_cd": "31013700" }, "geometry": { "type": "MultiPolygon", "coordinates": [ [ [ [ 127.009207879566475, 37.285520867887655 ], [ 127.008210378120026, 37.28432467377737 ], [ 127.008160352018663, 37.283770061037153 ], [ 127.008738566697119, 37.282565725103701 ], [ 127.008783596887199, 37.282472392662172 ], [ 127.009268229342922, 37.281888498600587 ], [ 127.009502459852925, 37.281657442319869 ], [ 127.009649269016194, 37.281512620108579 ], [ 127.009881727830546, 37.281109083516434 ], [ 127.009941367256246, 37.280719478705208 ], [ 127.010038540964757, 37.280064596475988 ], [ 127.009933910047735, 37.279353843438955 ], [ 127.008062813186882, 37.279690861011304 ], [ 127.004355005194313, 37.278800025955697 ], [ 127.003274281999765, 37.277215699223191 ], [ 127.003241234925412, 37.277215560548747 ], [ 127.002842210448378, 37.277215012145504 ], [ 127.00153643695684, 37.277233182509235 ], [ 126.997971331053634, 37.276586016072656 ], [ 126.997897471922656, 37.276562041293154 ], [ 126.99662831829491, 37.276057505798917 ], [ 126.995961677542041, 37.275065391949539 ], [ 126.995394595982333, 37.273619460273927 ], [ 126.993139636951454, 37.277374391118983 ], [ 126.992367984014294, 37.279431933059769 ], [ 126.992675826138495, 37.280206186407412 ], [ 126.997189107581903, 37.282910551079631 ], [ 126.999967839287351, 37.2822450214315 ], [ 126.99999764858714, 37.282215171601656 ], [ 127.000090013490379, 37.282127549924738 ], [ 127.000309820654778, 37.282127071847064 ], [ 127.000516399616714, 37.282132811223491 ], [ 127.000596714581917, 37.282135043016034 ], [ 127.000746134757293, 37.282142433748454 ], [ 127.002704650067002, 37.28301375961054 ], [ 127.00485092333976, 37.284398504542125 ], [ 127.005023509690815, 37.284525398506773 ], [ 127.005116323431565, 37.284795153627272 ], [ 127.005168518593706, 37.285003124321392 ], [ 127.005259503513727, 37.286600753965608 ], [ 127.006088315686995, 37.285889841801257 ], [ 127.009207879566475, 37.285520867887655 ] ] ] ] } },
{ "type": "Feature", "properties": { "adm_nm": "경기도 수원시팔달구 화서2동", "adm_cd2": "4111569000", "sgg": "41115", "sido": "41", "sidonm": "경기도", "sggnm": "수원시팔달구", "adm_cd": "31013710" }, "geometry": { "type": "MultiPolygon", "coordinates": [ [ [ [ 126.986127712980661, 37.289411553385591 ], [ 126.987939784804297, 37.289816048479935 ], [ 126.988215651468821, 37.289707917530933 ], [ 126.988418154576777, 37.289583725205887 ], [ 126.988533528354452, 37.289457803977754 ], [ 126.988565193326309, 37.289423237318708 ], [ 126.988988538753787, 37.288758037730837 ], [ 126.990368135927355, 37.286500371315896 ], [ 126.990542176483885, 37.286203662812028 ], [ 126.991966405875701, 37.28673371612161 ], [ 126.992756879376188, 37.287037945061456 ], [ 126.993089516681295, 37.287166691371318 ], [ 126.993319128301621, 37.287257434866518 ], [ 126.998648251172639, 37.289108073302472 ], [ 127.000644149602877, 37.289778988611694 ], [ 127.005259503513727, 37.286600753965608 ], [ 127.005168518593706, 37.285003124321392 ], [ 127.005116323431565, 37.284795153627272 ], [ 127.005023509690815, 37.284525398506773 ], [ 127.00485092333976, 37.284398504542125 ], [ 127.002704650067002, 37.28301375961054 ], [ 127.000746134757293, 37.282142433748454 ], [ 127.000596714581917, 37.282135043016034 ], [ 127.000516399616714, 37.282132811223491 ], [ 127.000309820654778, 37.282127071847064 ], [ 127.000090013490379, 37.282127549924738 ], [ 126.99999764858714, 37.282215171601656 ], [ 126.999967839287351, 37.2822450214315 ], [ 126.997189107581903, 37.282910551079631 ], [ 126.992675826138495, 37.280206186407412 ], [ 126.992367984014294, 37.279431933059769 ], [ 126.993139636951454, 37.277374391118983 ], [ 126.986925270470692, 37.27475615424428 ], [ 126.986763757857389, 37.274767848246078 ], [ 126.986540862762169, 37.274786036238318 ], [ 126.986455867899906, 37.27479315811361 ], [ 126.986336303994236, 37.274803176636254 ], [ 126.985869382068415, 37.27493973859734 ], [ 126.985826670796328, 37.275415036981421 ], [ 126.985679472554352, 37.277467315688753 ], [ 126.985783565852742, 37.277606356756849 ], [ 126.985944124951985, 37.27784028899211 ], [ 126.986438222540457, 37.278894807370051 ], [ 126.98659369307768, 37.279307309147207 ], [ 126.986635588730962, 37.279418470064648 ], [ 126.986659996789058, 37.279561671678628 ], [ 126.986610263660552, 37.282109010709263 ], [ 126.986551922604477, 37.28229128918376 ], [ 126.986459289722077, 37.282435109773537 ], [ 126.986118968850448, 37.282818977122773 ], [ 126.983862807604268, 37.284253693301601 ], [ 126.982281480534539, 37.28389125503513 ], [ 126.981338131362975, 37.283522617684142 ], [ 126.978766858814268, 37.286572649234536 ], [ 126.977593533567145, 37.288426609613708 ], [ 126.978962603144623, 37.288971224055857 ], [ 126.979255836870692, 37.28908744159655 ], [ 126.979821282760597, 37.289299500867124 ], [ 126.980469004750489, 37.289543467213257 ], [ 126.98104711047057, 37.289761209880758 ], [ 126.981530447585214, 37.289943434562801 ], [ 126.982947975682819, 37.290500780561473 ], [ 126.98328059571368, 37.290631807756391 ], [ 126.983643012463645, 37.290784308897578 ], [ 126.983672950980235, 37.290796918328503 ], [ 126.983731915066429, 37.290832082715276 ], [ 126.98437008242135, 37.291336218798527 ], [ 126.986127712980661, 37.289411553385591 ] ] ] ] } },
{ "type": "Feature", "properties": { "adm_nm": "경기도 수원시팔달구 행궁동", "adm_cd2": "4111574000", "sgg": "41115", "sido": "41", "sidonm": "경기도", "sggnm": "수원시팔달구", "adm_cd": "31013720" }, "geometry": { "type": "MultiPolygon", "coordinates": [ [ [ [ 127.019741407204364, 37.275261153883747 ], [ 127.018214555285965, 37.272254437944518 ], [ 127.017530678616296, 37.271150770748456 ], [ 127.017343188726528, 37.271280898675087 ], [ 127.017066591809595, 37.271473435838374 ], [ 127.016673348048016, 37.271835728725328 ], [ 127.016074745399365, 37.272643378530745 ], [ 127.015655928434626, 37.274088112478417 ], [ 127.015634044054622, 37.274185282289736 ], [ 127.015633977769781, 37.274619915443324 ], [ 127.01177861703475, 37.273850577090982 ], [ 127.011982703650162, 37.276388269871475 ], [ 127.010706163779389, 37.277585799751037 ], [ 127.009933910047735, 37.279353843438955 ], [ 127.010038540964757, 37.280064596475988 ], [ 127.009941367256246, 37.280719478705208 ], [ 127.009881727830546, 37.281109083516434 ], [ 127.009649269016194, 37.281512620108579 ], [ 127.009502459852925, 37.281657442319869 ], [ 127.009268229342922, 37.281888498600587 ], [ 127.008783596887199, 37.282472392662172 ], [ 127.008738566697119, 37.282565725103701 ], [ 127.008160352018663, 37.283770061037153 ], [ 127.008210378120026, 37.28432467377737 ], [ 127.009207879566475, 37.285520867887655 ], [ 127.010916720014549, 37.286338051315305 ], [ 127.011337666852128, 37.28655499686942 ], [ 127.01210095355934, 37.287040389447078 ], [ 127.01229180246969, 37.287169553790768 ], [ 127.012602854971078, 37.287381073522724 ], [ 127.012817008486437, 37.287526709437607 ], [ 127.01287156122396, 37.287595664976408 ], [ 127.012965639199891, 37.287716198435959 ], [ 127.01353019278416, 37.288570748532365 ], [ 127.013813601061017, 37.289036294806145 ], [ 127.013997566968214, 37.289119163354783 ], [ 127.014129850986819, 37.289178270661751 ], [ 127.014810318672872, 37.289446971155009 ], [ 127.016504577781348, 37.288639272580035 ], [ 127.016936633405791, 37.288331196327761 ], [ 127.017614615097671, 37.287833598572497 ], [ 127.018043374441547, 37.28747011252365 ], [ 127.018702721731159, 37.287147416808992 ], [ 127.020187697884651, 37.287250345168189 ], [ 127.020492795634354, 37.287282003465599 ], [ 127.020998095237047, 37.287432778850842 ], [ 127.021262151774707, 37.287512556574271 ], [ 127.021300074749846, 37.287524093613186 ], [ 127.021476639676791, 37.287577809326194 ], [ 127.021989535318795, 37.287819597566518 ], [ 127.022515673202832, 37.288067629557752 ], [ 127.022543857033526, 37.288108305827052 ], [ 127.022580660469956, 37.288161410977807 ], [ 127.022701057792574, 37.288332836252302 ], [ 127.02273859268486, 37.288386268802789 ], [ 127.022758158360119, 37.288412533089591 ], [ 127.022849756157086, 37.288535446425058 ], [ 127.022945345494961, 37.288662323866212 ], [ 127.022974926377273, 37.288701581463705 ], [ 127.023769554943414, 37.289264770143809 ], [ 127.024392165485409, 37.289488114224575 ], [ 127.02466343512279, 37.289516240235351 ], [ 127.025264009243031, 37.28741616219304 ], [ 127.024334709325345, 37.285356791219954 ], [ 127.023247009360148, 37.283535120423821 ], [ 127.018791770206931, 37.278147196134398 ], [ 127.018805054503076, 37.277829698731026 ], [ 127.018826860801397, 37.277728380761587 ], [ 127.019741407204364, 37.275261153883747 ] ] ] ] } },
{ "type": "Feature", "properties": { "adm_nm": "경기도 수원시영통구 매탄1동", "adm_cd2": "4111751000", "sgg": "41117", "sido": "41", "sidonm": "경기도", "sggnm": "수원시영통구", "adm_cd": "31014510" }, "geometry": { "type": "MultiPolygon", "coordinates": [ [ [ [ 127.044053840825484, 37.274707160443825 ], [ 127.047986170703183, 37.273521151638114 ], [ 127.043353620542945, 37.271493309709236 ], [ 127.043179031516587, 37.271197366533237 ], [ 127.042908985282267, 37.270738866743883 ], [ 127.04285510821542, 37.2706208915844 ], [ 127.042795605447608, 37.27049059244662 ], [ 127.040408620832139, 37.265283700093846 ], [ 127.040229647774993, 37.265385476641001 ], [ 127.036895709135379, 37.266161202578964 ], [ 127.035936650595261, 37.266373754778634 ], [ 127.035866573182261, 37.26638928151273 ], [ 127.034794175840901, 37.267937796146107 ], [ 127.037472070875822, 37.269082846412104 ], [ 127.038246115202995, 37.26942163729845 ], [ 127.038334552259244, 37.26946135509624 ], [ 127.037734333629814, 37.271959317108994 ], [ 127.037303619367975, 37.273470762255315 ], [ 127.036993432576963, 37.27506735554131 ], [ 127.037883205992628, 37.275140915589489 ], [ 127.03859150646764, 37.275200916913526 ], [ 127.038866959836653, 37.275233538987621 ], [ 127.040186094776445, 37.275444863850623 ], [ 127.040364703076293, 37.275866936235275 ], [ 127.041594429514447, 37.275480747797879 ], [ 127.044053840825484, 37.274707160443825 ] ] ] ] } },
{ "type": "Feature", "properties": { "adm_nm": "경기도 수원시영통구 매탄2동", "adm_cd2": "4111752000", "sgg": "41117", "sido": "41", "sidonm": "경기도", "sggnm": "수원시영통구", "adm_cd": "31014520" }, "geometry": { "type": "MultiPolygon", "coordinates": [ [ [ [ 127.055424396351697, 37.267152777967688 ], [ 127.055146430197553, 37.267190045809151 ], [ 127.053922438094588, 37.267476140104613 ], [ 127.053463560032057, 37.267592718275317 ], [ 127.049289796600064, 37.268657448919029 ], [ 127.049229079910631, 37.268674118897025 ], [ 127.042795605447608, 37.27049059244662 ], [ 127.04285510821542, 37.2706208915844 ], [ 127.042908985282267, 37.270738866743883 ], [ 127.043179031516587, 37.271197366533237 ], [ 127.043353620542945, 37.271493309709236 ], [ 127.047986170703183, 37.273521151638114 ], [ 127.048783116937102, 37.273449845857016 ], [ 127.051757879068148, 37.273386744945604 ], [ 127.052882757956752, 37.27319269038172 ], [ 127.053156006224057, 37.273115979571948 ], [ 127.058362887370777, 37.271168108676164 ], [ 127.058306454055895, 37.26863731116152 ], [ 127.057946000930613, 37.268448964226678 ], [ 127.057371843655744, 37.26814935866205 ], [ 127.05702818569543, 37.267970047812376 ], [ 127.055424396351697, 37.267152777967688 ] ] ] ] } },
{ "type": "Feature", "properties": { "adm_nm": "경기도 수원시영통구 매탄3동", "adm_cd2": "4111753000", "sgg": "41117", "sido": "41", "sidonm": "경기도", "sggnm": "수원시영통구", "adm_cd": "31014530" }, "geometry": { "type": "MultiPolygon", "coordinates": [ [ [ [ 127.061550532154925, 37.264501752280538 ], [ 127.060661641366238, 37.262452399750309 ], [ 127.060468361917742, 37.261507470172823 ], [ 127.060087137262869, 37.257747204947854 ], [ 127.061540999078474, 37.257276011415357 ], [ 127.061643397114835, 37.257244372961779 ], [ 127.061955470981346, 37.257147969788477 ], [ 127.062075273263503, 37.257150666450499 ], [ 127.06251088209693, 37.257164022023588 ], [ 127.062660162840317, 37.257168602764501 ], [ 127.062995122065161, 37.257266764925575 ], [ 127.064745742159175, 37.256180244470912 ], [ 127.061687617075307, 37.25301632685337 ], [ 127.061627360453059, 37.252955259462468 ], [ 127.060001641695337, 37.252263060523312 ], [ 127.059737422572397, 37.252622097375486 ], [ 127.059275991073633, 37.252018033713277 ], [ 127.058048256934143, 37.252376990183727 ], [ 127.057419664259967, 37.252211701205489 ], [ 127.057541083812026, 37.251863196147475 ], [ 127.057887988146277, 37.251772060858471 ], [ 127.058165126701269, 37.251521308897679 ], [ 127.058251885889732, 37.251077948562319 ], [ 127.058143525474136, 37.25092881366237 ], [ 127.056156379641621, 37.250303353775777 ], [ 127.056384730519099, 37.249078879327769 ], [ 127.056084790663192, 37.24903155860563 ], [ 127.053219846425463, 37.248588112450086 ], [ 127.05309497306618, 37.248610176158941 ], [ 127.050419939391162, 37.249372517724716 ], [ 127.049733756987862, 37.248272960993283 ], [ 127.047956009177682, 37.248428981798313 ], [ 127.048226474560408, 37.24970508938609 ], [ 127.04748343970752, 37.250209373705964 ], [ 127.046906225318224, 37.249222285259464 ], [ 127.046524147475097, 37.24939330770745 ], [ 127.046856623045542, 37.250388006868576 ], [ 127.045854903245598, 37.250976857520477 ], [ 127.045144004916651, 37.250047159911134 ], [ 127.04262323978682, 37.24675055836817 ], [ 127.041269825837531, 37.247269973269823 ], [ 127.041090330386652, 37.247374416762717 ], [ 127.040685228447103, 37.247239889948652 ], [ 127.04042661129985, 37.247004495209289 ], [ 127.040425260334601, 37.246692227836959 ], [ 127.040423683288637, 37.24632621013356 ], [ 127.040841581279096, 37.245852407157955 ], [ 127.041035441759718, 37.245037330647797 ], [ 127.040996127910589, 37.244432132977565 ], [ 127.040847531334109, 37.243769592767201 ], [ 127.040539268951377, 37.243423030041775 ], [ 127.04028628719378, 37.24330712083681 ], [ 127.040001849049872, 37.24326545333831 ], [ 127.039683262466326, 37.243503054255669 ], [ 127.04017484384903, 37.244366956598441 ], [ 127.04030986041964, 37.244645787407578 ], [ 127.040306664863635, 37.244939856043622 ], [ 127.040305397788941, 37.245033371146356 ], [ 127.040206223020704, 37.245233547102998 ], [ 127.03982174778335, 37.245766131722696 ], [ 127.039608079481312, 37.246137127691576 ], [ 127.039514686846402, 37.246544646940194 ], [ 127.03950490728117, 37.246762071060054 ], [ 127.039556997215485, 37.247003397449795 ], [ 127.03974442211306, 37.247356797852987 ], [ 127.041243959457873, 37.249814417558426 ], [ 127.042535355271298, 37.251161372284507 ], [ 127.040393402138477, 37.252449714205135 ], [ 127.03946686085655, 37.254171405032551 ], [ 127.036674217391592, 37.25652104110118 ], [ 127.040408620832139, 37.265283700093846 ], [ 127.044851930902382, 37.264275466596537 ], [ 127.045962213675509, 37.264022832173282 ], [ 127.04622343048807, 37.263953975535777 ], [ 127.047148995945591, 37.26370850902093 ], [ 127.048359097187841, 37.263387499716721 ], [ 127.049521816164784, 37.263078697315564 ], [ 127.051411859534639, 37.265524147824316 ], [ 127.051986792012315, 37.265687449240531 ], [ 127.055494399081809, 37.263875345252188 ], [ 127.056619282083574, 37.263291402702428 ], [ 127.057580117585644, 37.262791342298485 ], [ 127.059665556845644, 37.261706291635114 ], [ 127.060486468502006, 37.262758224160237 ], [ 127.061550532154925, 37.264501752280538 ] ] ] ] } },
{ "type": "Feature", "properties": { "adm_nm": "경기도 수원시영통구 매탄4동", "adm_cd2": "4111754000", "sgg": "41117", "sido": "41", "sidonm": "경기도", "sggnm": "수원시영통구", "adm_cd": "31014540" }, "geometry": { "type": "MultiPolygon", "coordinates": [ [ [ [ 127.055424396351697, 37.267152777967688 ], [ 127.059052942097068, 37.266130377578925 ], [ 127.061550532154925, 37.264501752280538 ], [ 127.060486468502006, 37.262758224160237 ], [ 127.059665556845644, 37.261706291635114 ], [ 127.057580117585644, 37.262791342298485 ], [ 127.056619282083574, 37.263291402702428 ], [ 127.055494399081809, 37.263875345252188 ], [ 127.051986792012315, 37.265687449240531 ], [ 127.051411859534639, 37.265524147824316 ], [ 127.049521816164784, 37.263078697315564 ], [ 127.048359097187841, 37.263387499716721 ], [ 127.047148995945591, 37.26370850902093 ], [ 127.04622343048807, 37.263953975535777 ], [ 127.045962213675509, 37.264022832173282 ], [ 127.044851930902382, 37.264275466596537 ], [ 127.040408620832139, 37.265283700093846 ], [ 127.042795605447608, 37.27049059244662 ], [ 127.049229079910631, 37.268674118897025 ], [ 127.049289796600064, 37.268657448919029 ], [ 127.053463560032057, 37.267592718275317 ], [ 127.053922438094588, 37.267476140104613 ], [ 127.055146430197553, 37.267190045809151 ], [ 127.055424396351697, 37.267152777967688 ] ] ] ] } },
{ "type": "Feature", "properties": { "adm_nm": "경기도 수원시영통구 영통1동", "adm_cd2": "4111757000", "sgg": "41117", "sido": "41", "sidonm": "경기도", "sggnm": "수원시영통구", "adm_cd": "31014640" }, "geometry": { "type": "MultiPolygon", "coordinates": [ [ [ [ 127.083361151724887, 37.254743006546995 ], [ 127.082438719046777, 37.254450837489678 ], [ 127.08077317145397, 37.254617422797509 ], [ 127.080739067744119, 37.254160976673852 ], [ 127.080055290345427, 37.253187565098656 ], [ 127.075857534709598, 37.255825083788743 ], [ 127.073386011253916, 37.257287735263994 ], [ 127.072712689376118, 37.257578261289048 ], [ 127.072111988603396, 37.257613274553393 ], [ 127.071914807862541, 37.257577668719058 ], [ 127.071661019909527, 37.257530518207453 ], [ 127.071453236609017, 37.257462522111638 ], [ 127.071280069290353, 37.257406324089075 ], [ 127.070035399534092, 37.257152799776982 ], [ 127.065788424775235, 37.257114766043728 ], [ 127.065296353079901, 37.258115764282344 ], [ 127.065228913498814, 37.258311603774686 ], [ 127.065653925654743, 37.25845400510719 ], [ 127.067672957799203, 37.259479941289015 ], [ 127.067747435096024, 37.259554614484962 ], [ 127.06805979943465, 37.25986781793042 ], [ 127.070586577697696, 37.26298458288273 ], [ 127.070715921348352, 37.263294905929513 ], [ 127.070858318727801, 37.263666122169525 ], [ 127.070892003722193, 37.266548456282656 ], [ 127.073598444297986, 37.26611429756931 ], [ 127.074887578649196, 37.26450543590208 ], [ 127.074867859404065, 37.263499180855966 ], [ 127.074923758886825, 37.263084739337266 ], [ 127.075214752811505, 37.262353400198371 ], [ 127.075900378498531, 37.261509672287929 ], [ 127.07647290275483, 37.261442314187612 ], [ 127.076900852506199, 37.261392114039026 ], [ 127.077586138370037, 37.262436248982091 ], [ 127.077676585218981, 37.262775722924843 ], [ 127.077682388463032, 37.262871516983751 ], [ 127.077677013451563, 37.262951496732335 ], [ 127.077651732464759, 37.263299975584907 ], [ 127.077634982981479, 37.26353052002851 ], [ 127.076676490682303, 37.26489272983104 ], [ 127.075991618536008, 37.265727406269818 ], [ 127.077608516557845, 37.265695905998705 ], [ 127.077509129183241, 37.266983789333366 ], [ 127.079050501348462, 37.267309002290162 ], [ 127.085528683910354, 37.270508152007324 ], [ 127.085696583111257, 37.267442949856715 ], [ 127.086053727947345, 37.266025546102 ], [ 127.086203669815688, 37.264773130473046 ], [ 127.084507195350582, 37.262820195267864 ], [ 127.084151122012301, 37.262452730248114 ], [ 127.083517419714184, 37.262305989940764 ], [ 127.08284175262358, 37.262149536375986 ], [ 127.081224971491466, 37.260592298820555 ], [ 127.081052931782779, 37.25996747379677 ], [ 127.081043491038031, 37.259253082440985 ], [ 127.081048422609385, 37.258497054044099 ], [ 127.083779010771252, 37.258472882264691 ], [ 127.084698466030531, 37.256609091726304 ], [ 127.084633050530172, 37.256327174640099 ], [ 127.083361151724887, 37.254743006546995 ] ] ] ] } },
{ "type": "Feature", "properties": { "adm_nm": "경기도 수원시영통구 영통2동", "adm_cd2": "4111758000", "sgg": "41117", "sido": "41", "sidonm": "경기도", "sggnm": "수원시영통구", "adm_cd": "31014650" }, "geometry": { "type": "MultiPolygon", "coordinates": [ [ [ [ 127.066761348354959, 37.246690858674604 ], [ 127.065173751832774, 37.245042484975855 ], [ 127.064885065849353, 37.244658648319991 ], [ 127.064416949700032, 37.243754392820193 ], [ 127.064354605396503, 37.243753289118089 ], [ 127.064175272473776, 37.243750123336518 ], [ 127.061470854257081, 37.243964361854431 ], [ 127.061378066759445, 37.243973078154816 ], [ 127.061073875844912, 37.244004581642301 ], [ 127.058298249608256, 37.24434242596935 ], [ 127.058124276195983, 37.244365447624261 ], [ 127.05807466913609, 37.244372034707474 ], [ 127.056882887602129, 37.245657649640762 ], [ 127.053032939588562, 37.245541792654784 ], [ 127.050796109763283, 37.245469714857968 ], [ 127.050110170926885, 37.245654247293253 ], [ 127.046178401498167, 37.245397278736711 ], [ 127.04197312287468, 37.245095816792436 ], [ 127.042130969845147, 37.2454325530802 ], [ 127.04262323978682, 37.24675055836817 ], [ 127.045144004916651, 37.250047159911134 ], [ 127.045854903245598, 37.250976857520477 ], [ 127.046856623045542, 37.250388006868576 ], [ 127.046524147475097, 37.24939330770745 ], [ 127.046906225318224, 37.249222285259464 ], [ 127.04748343970752, 37.250209373705964 ], [ 127.048226474560408, 37.24970508938609 ], [ 127.047956009177682, 37.248428981798313 ], [ 127.049733756987862, 37.248272960993283 ], [ 127.050419939391162, 37.249372517724716 ], [ 127.05309497306618, 37.248610176158941 ], [ 127.053219846425463, 37.248588112450086 ], [ 127.056084790663192, 37.24903155860563 ], [ 127.056384730519099, 37.249078879327769 ], [ 127.056156379641621, 37.250303353775777 ], [ 127.058143525474136, 37.25092881366237 ], [ 127.058251885889732, 37.251077948562319 ], [ 127.058165126701269, 37.251521308897679 ], [ 127.057887988146277, 37.251772060858471 ], [ 127.057541083812026, 37.251863196147475 ], [ 127.057419664259967, 37.252211701205489 ], [ 127.058048256934143, 37.252376990183727 ], [ 127.059275991073633, 37.252018033713277 ], [ 127.059737422572397, 37.252622097375486 ], [ 127.060001641695337, 37.252263060523312 ], [ 127.061627360453059, 37.252955259462468 ], [ 127.060882657999372, 37.252184058773913 ], [ 127.068041339114885, 37.248027331135333 ], [ 127.066761348354959, 37.246690858674604 ] ] ] ] } },
{ "type": "Feature", "properties": { "adm_nm": "경기도 수원시영통구 망포1동", "adm_cd2": "4111759300", "sgg": "41117", "sido": "41", "sidonm": "경기도", "sggnm": "수원시영통구", "adm_cd": "31014670" }, "geometry": { "type": "MultiPolygon", "coordinates": [ [ [ [ 127.051660425333679, 37.234314662996674 ], [ 127.051941339689478, 37.234522156531661 ], [ 127.052022057436844, 37.236040425690369 ], [ 127.052069203330575, 37.237011907352077 ], [ 127.052049970250309, 37.238009961802732 ], [ 127.05192457055017, 37.23911423775796 ], [ 127.05383028355277, 37.239182400632394 ], [ 127.055078532315832, 37.239096886590779 ], [ 127.056008218491286, 37.239223860634461 ], [ 127.055557995249146, 37.240986578669073 ], [ 127.055379116268213, 37.241538772648347 ], [ 127.055279893877866, 37.242059076642036 ], [ 127.055286956746698, 37.242637727190044 ], [ 127.055360387818624, 37.243168567921515 ], [ 127.055520117163326, 37.243662206882306 ], [ 127.05576612276316, 37.244086791246673 ], [ 127.056370998342075, 37.244893434685274 ], [ 127.056670061099553, 37.245217125594792 ], [ 127.056882887602129, 37.245657649640762 ], [ 127.05807466913609, 37.244372034707474 ], [ 127.058124276195983, 37.244365447624261 ], [ 127.058298249608256, 37.24434242596935 ], [ 127.061073875844912, 37.244004581642301 ], [ 127.061378066759445, 37.243973078154816 ], [ 127.061470854257081, 37.243964361854431 ], [ 127.064175272473776, 37.243750123336518 ], [ 127.064354605396503, 37.243753289118089 ], [ 127.064416949700032, 37.243754392820193 ], [ 127.065170864131261, 37.243771811368745 ], [ 127.065278671605355, 37.243774460692087 ], [ 127.06541113049488, 37.243778327139829 ], [ 127.066211687262282, 37.243882199339524 ], [ 127.066326638462499, 37.242932002833371 ], [ 127.066086791221679, 37.242019031848031 ], [ 127.065979705851859, 37.24105289882057 ], [ 127.066311674270082, 37.241010243380813 ], [ 127.066630605103498, 37.241243649434516 ], [ 127.066882911247276, 37.241222272196893 ], [ 127.06693582570675, 37.240988657225586 ], [ 127.067121598055067, 37.240818672015237 ], [ 127.067094642420088, 37.240372752111547 ], [ 127.066679908350324, 37.240148085703588 ], [ 127.06635400218353, 37.240088300840803 ], [ 127.066145022614393, 37.240158520588345 ], [ 127.065996312476017, 37.240162482661773 ], [ 127.065450365810847, 37.240135692047311 ], [ 127.064999416265451, 37.240036814889926 ], [ 127.064401163765723, 37.239272681307042 ], [ 127.063259002493425, 37.239167121863389 ], [ 127.062130204775414, 37.238014069203736 ], [ 127.060045668975718, 37.23625774597987 ], [ 127.060024809462647, 37.236087529272339 ], [ 127.059977734037616, 37.235944252638483 ], [ 127.059912946476814, 37.235816693674131 ], [ 127.059899011729925, 37.235789599893927 ], [ 127.059723639671461, 37.23553317581888 ], [ 127.059640394940331, 37.235430332067999 ], [ 127.059422127944188, 37.2351613492688 ], [ 127.059337339866602, 37.23507878556461 ], [ 127.05923696366979, 37.234982505771328 ], [ 127.05837989082076, 37.234214382039994 ], [ 127.058330504174251, 37.234175248367862 ], [ 127.058302741740405, 37.23415324981805 ], [ 127.058274683377007, 37.234131736913888 ], [ 127.056729064505575, 37.23312539864682 ], [ 127.056319798803997, 37.232866976040725 ], [ 127.056038777051427, 37.232728459356217 ], [ 127.054866869579541, 37.232160685210879 ], [ 127.052558064541856, 37.231060161848788 ], [ 127.052545277954977, 37.231327155181212 ], [ 127.052570347819241, 37.231484811961508 ], [ 127.053792677370453, 37.232225356552753 ], [ 127.053833736892685, 37.232316796043342 ], [ 127.053825408052944, 37.232415918683415 ], [ 127.053761493887492, 37.232740181919652 ], [ 127.053621484731423, 37.233443855041443 ], [ 127.053587986530445, 37.233487690052158 ], [ 127.0535567859217, 37.233521374936572 ], [ 127.053458461587454, 37.233580740011845 ], [ 127.052339378210334, 37.234038884291998 ], [ 127.051961021494421, 37.23417707861875 ], [ 127.051660425333679, 37.234314662996674 ] ] ] ] } },
{ "type": "Feature", "properties": { "adm_nm": "경기도 수원시영통구 원천동", "adm_cd2": "4111755000", "sgg": "41117", "sido": "41", "sidonm": "경기도", "sggnm": "수원시영통구", "adm_cd": "31014600" }, "geometry": { "type": "MultiPolygon", "coordinates": [ [ [ [ 127.053514986649375, 37.282791489218425 ], [ 127.05463673735035, 37.282302506365951 ], [ 127.055174200325183, 37.282694746468565 ], [ 127.056849425847133, 37.283917286973718 ], [ 127.057341021612004, 37.284308571171898 ], [ 127.059106340455472, 37.282678384854826 ], [ 127.060059332946921, 37.278876611590732 ], [ 127.060191244974035, 37.277268232553439 ], [ 127.060551954982131, 37.275450853490867 ], [ 127.06256850516553, 37.274884726395968 ], [ 127.066026477696482, 37.274218493734189 ], [ 127.066164480545154, 37.27420550208128 ], [ 127.066372099789177, 37.274185957961947 ], [ 127.067004819405682, 37.27424573779281 ], [ 127.067662217294455, 37.274428419339394 ], [ 127.067841058081044, 37.274714138268678 ], [ 127.06805589424259, 37.275609555131439 ], [ 127.067985095445621, 37.274799167905236 ], [ 127.067934820717383, 37.274468844285728 ], [ 127.066925528925566, 37.273935591669733 ], [ 127.066209876860967, 37.273094674715217 ], [ 127.064657371941593, 37.271105907789334 ], [ 127.064670006601233, 37.271006611546262 ], [ 127.064722705543929, 37.270594606542822 ], [ 127.064748396795238, 37.270524464323948 ], [ 127.064780000742772, 37.270438199855633 ], [ 127.065039796178795, 37.27024873501022 ], [ 127.068476855471573, 37.268678238206078 ], [ 127.069828069329006, 37.266839804059465 ], [ 127.06989049067036, 37.266781149898378 ], [ 127.069946414191392, 37.266728684517823 ], [ 127.07015436970913, 37.266619014284259 ], [ 127.070892003722193, 37.266548456282656 ], [ 127.070858318727801, 37.263666122169525 ], [ 127.070715921348352, 37.263294905929513 ], [ 127.070586577697696, 37.26298458288273 ], [ 127.06805979943465, 37.25986781793042 ], [ 127.067747435096024, 37.259554614484962 ], [ 127.067672957799203, 37.259479941289015 ], [ 127.065653925654743, 37.25845400510719 ], [ 127.065228913498814, 37.258311603774686 ], [ 127.062995122065161, 37.257266764925575 ], [ 127.062660162840317, 37.257168602764501 ], [ 127.06251088209693, 37.257164022023588 ], [ 127.062075273263503, 37.257150666450499 ], [ 127.061955470981346, 37.257147969788477 ], [ 127.061643397114835, 37.257244372961779 ], [ 127.061540999078474, 37.257276011415357 ], [ 127.060087137262869, 37.257747204947854 ], [ 127.060468361917742, 37.261507470172823 ], [ 127.060661641366238, 37.262452399750309 ], [ 127.061550532154925, 37.264501752280538 ], [ 127.059052942097068, 37.266130377578925 ], [ 127.055424396351697, 37.267152777967688 ], [ 127.05702818569543, 37.267970047812376 ], [ 127.057371843655744, 37.26814935866205 ], [ 127.057946000930613, 37.268448964226678 ], [ 127.058306454055895, 37.26863731116152 ], [ 127.058362887370777, 37.271168108676164 ], [ 127.053156006224057, 37.273115979571948 ], [ 127.052882757956752, 37.27319269038172 ], [ 127.051757879068148, 37.273386744945604 ], [ 127.048783116937102, 37.273449845857016 ], [ 127.047986170703183, 37.273521151638114 ], [ 127.044053840825484, 37.274707160443825 ], [ 127.043755591058357, 37.27915438615593 ], [ 127.043254905452173, 37.27999075141534 ], [ 127.041833919493968, 37.283656180041163 ], [ 127.041725772987391, 37.284063731395342 ], [ 127.041783831874596, 37.284126963453836 ], [ 127.043520532222956, 37.285155626640474 ], [ 127.044072937172245, 37.285426978858879 ], [ 127.044803642714328, 37.285743065321483 ], [ 127.045115965176677, 37.286483674905199 ], [ 127.045361483353943, 37.287155911560205 ], [ 127.046487618085266, 37.28701150561065 ], [ 127.048349628016112, 37.285616960862896 ], [ 127.049399768780518, 37.284268875098476 ], [ 127.050055689469403, 37.28281224143597 ], [ 127.04990882466069, 37.281556354348588 ], [ 127.050038059496686, 37.281258551422113 ], [ 127.050691987920615, 37.281094125363659 ], [ 127.051071841016821, 37.280418395265755 ], [ 127.051910694904876, 37.280423826189676 ], [ 127.052334730935158, 37.280566175839951 ], [ 127.052823773189914, 37.282029123279649 ], [ 127.053514986649375, 37.282791489218425 ] ] ] ] } },
{ "type": "Feature", "properties": { "adm_nm": "경기도 수원시영통구 광교1동", "adm_cd2": "4111760000", "sgg": "41117", "sido": "41", "sidonm": "경기도", "sggnm": "수원시영통구", "adm_cd": "31014620" }, "geometry": { "type": "MultiPolygon", "coordinates": [ [ [ [ 127.060617319589667, 37.310942626705831 ], [ 127.058871016143101, 37.306104686136621 ], [ 127.058359627844169, 37.305272374051057 ], [ 127.058295294181377, 37.305155341850046 ], [ 127.058224950471811, 37.305027369550494 ], [ 127.058181745083786, 37.304938196068647 ], [ 127.058178349257886, 37.304899118080115 ], [ 127.058186146269875, 37.304848636937024 ], [ 127.058207873152938, 37.304812099105291 ], [ 127.058302797114038, 37.304740342275444 ], [ 127.058602514395773, 37.304580155983324 ], [ 127.058666369532475, 37.304546401831452 ], [ 127.05889550562847, 37.304448474632352 ], [ 127.059012726287676, 37.304422996535152 ], [ 127.059209365024969, 37.30440157293922 ], [ 127.059422733823652, 37.304378327395355 ], [ 127.059743920871838, 37.304353806019201 ], [ 127.059943441186533, 37.304338575453322 ], [ 127.060371628922127, 37.304322139042348 ], [ 127.060512071266359, 37.304304632875535 ], [ 127.060548809089838, 37.304293501929017 ], [ 127.060607517478729, 37.304264424754479 ], [ 127.060674079470388, 37.304218475651858 ], [ 127.060749168601433, 37.304161290791583 ], [ 127.060806785477581, 37.304095571587879 ], [ 127.060887286671331, 37.303937582697863 ], [ 127.060955380806405, 37.303748543525572 ], [ 127.061007446424227, 37.303497474317759 ], [ 127.0610293903962, 37.303391642433056 ], [ 127.061043828942147, 37.303213671532831 ], [ 127.060885161256024, 37.301392275555955 ], [ 127.060559292225705, 37.300795021927293 ], [ 127.0600896638569, 37.299455839705544 ], [ 127.060588732351206, 37.296583385839199 ], [ 127.061856723761395, 37.296361884430674 ], [ 127.065040833491722, 37.291812571536525 ], [ 127.062757429858578, 37.290654562368388 ], [ 127.055740746795422, 37.284791609191267 ], [ 127.053505946098156, 37.282822252094348 ], [ 127.053514986649375, 37.282791489218425 ], [ 127.052823773189914, 37.282029123279649 ], [ 127.052334730935158, 37.280566175839951 ], [ 127.051910694904876, 37.280423826189676 ], [ 127.051071841016821, 37.280418395265755 ], [ 127.050691987920615, 37.281094125363659 ], [ 127.050038059496686, 37.281258551422113 ], [ 127.04990882466069, 37.281556354348588 ], [ 127.050055689469403, 37.28281224143597 ], [ 127.049399768780518, 37.284268875098476 ], [ 127.048349628016112, 37.285616960862896 ], [ 127.046487618085266, 37.28701150561065 ], [ 127.045361483353943, 37.287155911560205 ], [ 127.045115965176677, 37.286483674905199 ], [ 127.044803642714328, 37.285743065321483 ], [ 127.044072937172245, 37.285426978858879 ], [ 127.043382956043061, 37.285869449877325 ], [ 127.042961151805045, 37.285897116297051 ], [ 127.04079110542132, 37.285751256150832 ], [ 127.040615753132855, 37.285715646815127 ], [ 127.039946188820736, 37.285441502123156 ], [ 127.038805134342681, 37.284797001572805 ], [ 127.038849680011182, 37.285651284273783 ], [ 127.042388275347093, 37.288867243009555 ], [ 127.04246190161949, 37.288934005236982 ], [ 127.042740026646442, 37.289178725143664 ], [ 127.042949362226324, 37.289362920789159 ], [ 127.043221766157615, 37.290372381986764 ], [ 127.039331053881412, 37.292431650283703 ], [ 127.038261492759318, 37.292986344730103 ], [ 127.035732635793551, 37.293365176856838 ], [ 127.033931986385909, 37.293201483507204 ], [ 127.034556582800704, 37.293689511269612 ], [ 127.03457117970899, 37.294063700583784 ], [ 127.034553257904918, 37.294454607174877 ], [ 127.034500754829509, 37.295422269134264 ], [ 127.033872448910088, 37.296908215367203 ], [ 127.033207179047466, 37.297395842116025 ], [ 127.032741873083623, 37.297961764262695 ], [ 127.032575484334444, 37.29875432995582 ], [ 127.032653590056199, 37.300035737022291 ], [ 127.032691748252788, 37.300592496395083 ], [ 127.032828051534139, 37.301586815018382 ], [ 127.033043380611971, 37.302803413953384 ], [ 127.033217451763022, 37.304991093884603 ], [ 127.033326772288817, 37.307038876217689 ], [ 127.033227671500356, 37.308016419332738 ], [ 127.0328255763025, 37.308741297277216 ], [ 127.032307777803808, 37.30964317183556 ], [ 127.033102869308223, 37.311798635683218 ], [ 127.034232482779146, 37.313767850041607 ], [ 127.03463539171922, 37.31393293780804 ], [ 127.035059873165679, 37.31410687044599 ], [ 127.035426207864631, 37.314294220298997 ], [ 127.038071113459381, 37.316160304991918 ], [ 127.038781107896199, 37.319326982325748 ], [ 127.038894828987821, 37.32082601190011 ], [ 127.039917931574678, 37.321336951978957 ], [ 127.039998683561961, 37.321167130183177 ], [ 127.040212362814231, 37.320718344689134 ], [ 127.040563684079672, 37.320129350798304 ], [ 127.040669377986333, 37.320031735354931 ], [ 127.042142611243662, 37.319158593096304 ], [ 127.045929276610323, 37.317259990652381 ], [ 127.047278155661388, 37.316636441427001 ], [ 127.04902540099998, 37.315919749885708 ], [ 127.049452835214908, 37.315803070086332 ], [ 127.049541111780243, 37.31578706400574 ], [ 127.049950421640347, 37.315752007949655 ], [ 127.052067000804442, 37.315784826961497 ], [ 127.052776457155574, 37.316045531611934 ], [ 127.053833513730325, 37.316093465400456 ], [ 127.05391302493301, 37.316092971941984 ], [ 127.05394637562658, 37.316092764147037 ], [ 127.054094564689436, 37.316082054400432 ], [ 127.057653798240977, 37.315564081709866 ], [ 127.057699240262934, 37.315552497472623 ], [ 127.057738300122125, 37.315506447342301 ], [ 127.057746328027605, 37.315443966109378 ], [ 127.057751603521268, 37.315402837477194 ], [ 127.05773384448544, 37.315184184585227 ], [ 127.057687880339543, 37.315056673743825 ], [ 127.057629734176345, 37.314895351357343 ], [ 127.057616581578642, 37.314732489020422 ], [ 127.057650928114697, 37.314405454199658 ], [ 127.057696726256012, 37.314296178874628 ], [ 127.058039330112607, 37.313485083048754 ], [ 127.058112675188681, 37.313367049776602 ], [ 127.059774757301781, 37.311527494450964 ], [ 127.060000055451994, 37.311325677711679 ], [ 127.060219650487966, 37.311163117339788 ], [ 127.060330920970841, 37.311101108747344 ], [ 127.060543032871053, 37.310982914246182 ], [ 127.060617319589667, 37.310942626705831 ] ] ] ] } },
{ "type": "Feature", "properties": { "adm_nm": "경기도 수원시영통구 광교2동", "adm_cd2": "4111761000", "sgg": "41117", "sido": "41", "sidonm": "경기도", "sggnm": "수원시영통구", "adm_cd": "31014630" }, "geometry": { "type": "MultiPolygon", "coordinates": [ [ [ [ 127.088310986489844, 37.293174394018152 ], [ 127.087919018976862, 37.29069983422356 ], [ 127.08789383640881, 37.290278284292967 ], [ 127.087912305401659, 37.290178906076676 ], [ 127.087967918537785, 37.289879737318827 ], [ 127.088161600991626, 37.289402673322627 ], [ 127.088770296109118, 37.28810744396624 ], [ 127.088941081265787, 37.287138380008258 ], [ 127.088834181166945, 37.286966767492608 ], [ 127.088634398028077, 37.28687478477174 ], [ 127.0881732377497, 37.28662191698497 ], [ 127.087550563373441, 37.286377500449866 ], [ 127.08708619548743, 37.28619672959298 ], [ 127.086734012057221, 37.286124895298322 ], [ 127.086518533549196, 37.286080948032634 ], [ 127.085604282268477, 37.286038314907032 ], [ 127.085333085003512, 37.286119617272554 ], [ 127.084674859144883, 37.286317868580177 ], [ 127.084134763081366, 37.286318226658793 ], [ 127.081682639061768, 37.284632995151249 ], [ 127.078795427689627, 37.283487001215299 ], [ 127.077216788791262, 37.282986733824728 ], [ 127.075411115035024, 37.282238873946945 ], [ 127.070415672040383, 37.279296956585171 ], [ 127.069538256145506, 37.278742792356383 ], [ 127.069282785342409, 37.277303013328847 ], [ 127.06805589424259, 37.275609555131439 ], [ 127.067841058081044, 37.274714138268678 ], [ 127.067662217294455, 37.274428419339394 ], [ 127.067004819405682, 37.27424573779281 ], [ 127.066372099789177, 37.274185957961947 ], [ 127.066164480545154, 37.27420550208128 ], [ 127.066026477696482, 37.274218493734189 ], [ 127.06256850516553, 37.274884726395968 ], [ 127.060551954982131, 37.275450853490867 ], [ 127.060191244974035, 37.277268232553439 ], [ 127.060059332946921, 37.278876611590732 ], [ 127.059106340455472, 37.282678384854826 ], [ 127.057341021612004, 37.284308571171898 ], [ 127.056849425847133, 37.283917286973718 ], [ 127.055174200325183, 37.282694746468565 ], [ 127.05463673735035, 37.282302506365951 ], [ 127.053514986649375, 37.282791489218425 ], [ 127.053505946098156, 37.282822252094348 ], [ 127.055740746795422, 37.284791609191267 ], [ 127.062757429858578, 37.290654562368388 ], [ 127.065040833491722, 37.291812571536525 ], [ 127.061856723761395, 37.296361884430674 ], [ 127.067523348373641, 37.295371768325317 ], [ 127.070548704181206, 37.294843076306471 ], [ 127.071962536745275, 37.294596935905133 ], [ 127.072416556647497, 37.294517952931038 ], [ 127.072548479175893, 37.294495006789042 ], [ 127.07660914165568, 37.293788875696769 ], [ 127.079344329741417, 37.293274785644968 ], [ 127.079514297234738, 37.294112500784543 ], [ 127.079798446841679, 37.295353674443895 ], [ 127.080535176854752, 37.295464802130233 ], [ 127.080998797741259, 37.295838493633191 ], [ 127.081455687908445, 37.296074239876774 ], [ 127.082511273428437, 37.296978231737377 ], [ 127.085593648354219, 37.298131577841801 ], [ 127.087665528400478, 37.297869523544961 ], [ 127.088322674019068, 37.2977580104859 ], [ 127.089273939081934, 37.297635121585635 ], [ 127.089883228597074, 37.29841355682057 ], [ 127.090579747886451, 37.297143639939989 ], [ 127.088310986489844, 37.293174394018152 ] ] ] ] } },
{ "type": "Feature", "properties": { "adm_nm": "경기도 수원시권선구 권선1동", "adm_cd2": "4111367000", "sgg": "41113", "sido": "41", "sidonm": "경기도", "sggnm": "수원시권선구", "adm_cd": "31012600" }, "geometry": { "type": "MultiPolygon", "coordinates": [ [ [ [ 127.020676719247547, 37.264501184152486 ], [ 127.02307626652464, 37.263906961259046 ], [ 127.026088892684157, 37.263137074723979 ], [ 127.02934928316769, 37.262282490073289 ], [ 127.031347272897492, 37.261541542294452 ], [ 127.031473589757056, 37.261334238239122 ], [ 127.031588500455143, 37.261057445438645 ], [ 127.031559307680141, 37.260983104562222 ], [ 127.03104023289437, 37.2596683929767 ], [ 127.030697429203713, 37.258800568429095 ], [ 127.030461508050536, 37.258201330952929 ], [ 127.032375500995087, 37.257680462720543 ], [ 127.032900050901162, 37.257538309992611 ], [ 127.033408027486459, 37.257400695752132 ], [ 127.036674217391592, 37.25652104110118 ], [ 127.03946686085655, 37.254171405032551 ], [ 127.036952181175224, 37.252393968049205 ], [ 127.035069981500243, 37.252867478380089 ], [ 127.021899722289092, 37.256248222358053 ], [ 127.021628981252803, 37.256313525590926 ], [ 127.021375960162061, 37.256374555109176 ], [ 127.018062277088077, 37.257180707112319 ], [ 127.017040325749775, 37.257429609607044 ], [ 127.019376800982712, 37.261974259966109 ], [ 127.020433740989944, 37.264029218108327 ], [ 127.020676719247547, 37.264501184152486 ] ] ] ] } },
{ "type": "Feature", "properties": { "adm_nm": "경기도 수원시영통구 영통3동", "adm_cd2": "4111758500", "sgg": "41117", "sido": "41", "sidonm": "경기도", "sggnm": "수원시영통구", "adm_cd": "31014660" }, "geometry": { "type": "MultiPolygon", "coordinates": [ [ [ [ 127.070035399534092, 37.257152799776982 ], [ 127.071280069290353, 37.257406324089075 ], [ 127.071386387508554, 37.257440827788393 ], [ 127.071661019909527, 37.257530518207453 ], [ 127.071914807862541, 37.257577668719058 ], [ 127.072111988603396, 37.257613274553393 ], [ 127.072712689376118, 37.257578261289048 ], [ 127.073386011253916, 37.257287735263994 ], [ 127.075857534709598, 37.255825083788743 ], [ 127.080055290345427, 37.253187565098656 ], [ 127.080739067744119, 37.254160976673852 ], [ 127.08077317145397, 37.254617422797509 ], [ 127.082438719046777, 37.254450837489678 ], [ 127.081815152216038, 37.252681201122464 ], [ 127.082584049400481, 37.251607937853038 ], [ 127.081928864479551, 37.250858853080189 ], [ 127.082486412598598, 37.250090582676158 ], [ 127.082108700404874, 37.249403524905837 ], [ 127.08126936651945, 37.248496826594398 ], [ 127.080035147151023, 37.247540425439453 ], [ 127.07959958524394, 37.247532047248022 ], [ 127.079276854000327, 37.247526394011018 ], [ 127.078603202241709, 37.247514984583269 ], [ 127.078412268342731, 37.247512041531557 ], [ 127.077839019426108, 37.247504367232189 ], [ 127.077790382717595, 37.24750531245823 ], [ 127.076508673312432, 37.247532299716703 ], [ 127.075486830905078, 37.247424990732014 ], [ 127.075429534920161, 37.247413822498807 ], [ 127.074210465988017, 37.247175962233506 ], [ 127.072613633538367, 37.246920011930023 ], [ 127.072329728675982, 37.246863965519999 ], [ 127.070984220337721, 37.246561437561923 ], [ 127.070776359346723, 37.24650538438565 ], [ 127.070730370043563, 37.24649292259749 ], [ 127.069618481763527, 37.246191415116435 ], [ 127.069539899321825, 37.246104991827004 ], [ 127.069475615003341, 37.246034277764103 ], [ 127.06944575360005, 37.246001349267559 ], [ 127.069334151806601, 37.245878272089854 ], [ 127.069002084829933, 37.245543339088449 ], [ 127.068280613247794, 37.244889657672317 ], [ 127.067583769957096, 37.244501767082099 ], [ 127.066866932106038, 37.244161122688809 ], [ 127.066211687262282, 37.243882199339524 ], [ 127.06541113049488, 37.243778327139829 ], [ 127.065278671605355, 37.243774460692087 ], [ 127.065170864131261, 37.243771811368745 ], [ 127.064416949700032, 37.243754392820193 ], [ 127.064885065849353, 37.244658648319991 ], [ 127.065173751832774, 37.245042484975855 ], [ 127.066761348354959, 37.246690858674604 ], [ 127.068041339114885, 37.248027331135333 ], [ 127.060882657999372, 37.252184058773913 ], [ 127.061627360453059, 37.252955259462468 ], [ 127.061687617075307, 37.25301632685337 ], [ 127.064745742159175, 37.256180244470912 ], [ 127.062995122065161, 37.257266764925575 ], [ 127.065228913498814, 37.258311603774686 ], [ 127.065296353079901, 37.258115764282344 ], [ 127.065788424775235, 37.257114766043728 ], [ 127.070035399534092, 37.257152799776982 ] ] ] ] } },
{ "type": "Feature", "properties": { "adm_nm": "경기도 수원시영통구 망포2동", "adm_cd2": "4111759600", "sgg": "41117", "sido": "41", "sidonm": "경기도", "sggnm": "수원시영통구", "adm_cd": "31014680" }, "geometry": { "type": "MultiPolygon", "coordinates": [ [ [ [ 127.053032939588562, 37.245541792654784 ], [ 127.056882887602129, 37.245657649640762 ], [ 127.056670061099553, 37.245217125594792 ], [ 127.056370998342075, 37.244893434685274 ], [ 127.05576612276316, 37.244086791246673 ], [ 127.055520117163326, 37.243662206882306 ], [ 127.055360387818624, 37.243168567921515 ], [ 127.055286956746698, 37.242637727190044 ], [ 127.055279893877866, 37.242059076642036 ], [ 127.055379116268213, 37.241538772648347 ], [ 127.055557995249146, 37.240986578669073 ], [ 127.056008218491286, 37.239223860634461 ], [ 127.055078532315832, 37.239096886590779 ], [ 127.05383028355277, 37.239182400632394 ], [ 127.05192457055017, 37.23911423775796 ], [ 127.052049970250309, 37.238009961802732 ], [ 127.052069203330575, 37.237011907352077 ], [ 127.052022057436844, 37.236040425690369 ], [ 127.051941339689478, 37.234522156531661 ], [ 127.051660425333679, 37.234314662996674 ], [ 127.051539534060851, 37.234355435289615 ], [ 127.051310493389963, 37.234362456779493 ], [ 127.04950130466591, 37.234088548685222 ], [ 127.049194691655742, 37.233936297405002 ], [ 127.049001113484593, 37.233839886697133 ], [ 127.048131489013258, 37.233393758207171 ], [ 127.046634485935513, 37.232882126166849 ], [ 127.045994560060336, 37.232790661438443 ], [ 127.04594803705946, 37.232787118152984 ], [ 127.044989339399649, 37.233173413920106 ], [ 127.044979499890403, 37.233793021706425 ], [ 127.044499058428102, 37.234258708213339 ], [ 127.044214032564767, 37.234437891488369 ], [ 127.043537416123115, 37.234585143128726 ], [ 127.042956055393574, 37.234714730564853 ], [ 127.041710110908127, 37.235165260092771 ], [ 127.041642766550098, 37.235198003294791 ], [ 127.039129746668678, 37.237192477666881 ], [ 127.039121697096462, 37.23723913429771 ], [ 127.039265341667232, 37.237639584450157 ], [ 127.039531991448783, 37.238372414107531 ], [ 127.040711749115715, 37.241591608233911 ], [ 127.04197312287468, 37.245095816792436 ], [ 127.046178401498167, 37.245397278736711 ], [ 127.050110170926885, 37.245654247293253 ], [ 127.050796109763283, 37.245469714857968 ], [ 127.053032939588562, 37.245541792654784 ] ] ] ] } }
]
}
