{"type": "FeatureCollection", "name": "수원시 44개 행정동_geojson", "crs": {"type": "name", "properties": {"name": "urn:ogc:def:crs:OGC:1.3:CRS84"}}, "features": [{"type": "Feature", "properties": {"adm_nm": "경기도 수원시장안구 파장동", "adm_cd2": "4111156000", "sgg": "41111", "sido": "41", "sidonm": "경기도", "sggnm": "수원시장안구", "adm_cd": "31011540", "dong": "파장동", "gu": "장안구", "old_score": 65, "vuln_score": 62, "support": 55, "blind_spot": 60, "is_fortress": false}, "geometry": {"type": "MultiPolygon", "coordinates": [[[[127.00611881535663, 37.3380699870098], [127.00706178037204, 37.33499130693701], [127.0070222477137, 37.33467002452412], [127.00642428858987, 37.33235548359935], [127.00629693471055, 37.33208906668649], [127.00602997781641, 37.331866342818905], [127.00331628651146, 37.329602271400866], [127.00267722203644, 37.32819568177912], [127.00234723200562, 37.32688616085383], [127.0027359081697, 37.32629590199769], [127.00340907451353, 37.32590248066245], [127.00396995397536, 37.32557357458501], [127.00401848600237, 37.325531070441585], [127.00408134484843, 37.32547601595909], [127.00543548954273, 37.323801728393775], [127.00560677843627, 37.32285261008143], [127.0059870553524, 37.32123390940727], [127.0079940183617, 37.318748858478166], [127.00613116921443, 37.316605947500385], [127.00289942360449, 37.31312989935502], [127.00270665451976, 37.312960147127], [127.00246608180781, 37.31274726238649], [127.00236818597203, 37.31262633722331], [127.00211664553419, 37.31226585232295], [127.00216720785079, 37.311977621436036], [127.0021847379181, 37.31188798020278], [127.00222049824818, 37.31170517624876], [127.00250150615908, 37.31048272585578], [127.00251658267715, 37.310443353575295], [127.0025530960163, 37.310360127909526], [127.0008479299668, 37.30765370845346], [126.99954187231802, 37.305782979421636], [126.99805752782278, 37.30446156108684], [126.9970875531925, 37.30313613820339], [126.99653658173173, 37.30443059991678], [126.99646871151941, 37.30456213904792], [126.9964115566747, 37.30467231578748], [126.99618483468575, 37.305039792818036], [126.99597242967091, 37.30537689682949], [126.9958312200497, 37.30550362797868], [126.99562759910307, 37.30557937824403], [126.9954468089696, 37.305615789814496], [126.99539238820938, 37.30561873968018], [126.99527325181775, 37.305625190345935], [126.99519632788788, 37.30562851286729], [126.9951307478508, 37.3056313429009], [126.99455284400875, 37.305676198921724], [126.9944623640901, 37.30568342917038], [126.99414356036692, 37.30570994228884], [126.99393864918578, 37.30575478007243], [126.99374732661, 37.305796696546125], [126.99344030955706, 37.30587436231779], [126.99337289781694, 37.305891993322525], [126.99264730860392, 37.306083809796995], [126.99238670904582, 37.306188041882194], [126.9923353883503, 37.306216553446156], [126.99210174000508, 37.306351885679526], [126.98839620411594, 37.308963466067645], [126.98817594305416, 37.30920250772598], [126.98734872371979, 37.31065744186185], [126.98674651560432, 37.31171970172745], [126.98507860897571, 37.31132648349352], [126.9816819858029, 37.30976127167044], [126.98218607021396, 37.30619173669699], [126.97633725235585, 37.30568939183903], [126.97624454885414, 37.305613490498615], [126.97594363160285, 37.305498358336095], [126.9756133934982, 37.30542140440956], [126.97390887010955, 37.305105114601176], [126.97374502807408, 37.30513706139802], [126.97363119253309, 37.30517937098915], [126.97273596524737, 37.30552026162965], [126.97272766878842, 37.30559562111115], [126.97271711100105, 37.30569359981478], [126.97268690302425, 37.305979655310935], [126.9727588259082, 37.30656833657515], [126.97278504437814, 37.30678241627402], [126.97308193647999, 37.30718025822542], [126.97356629972313, 37.30781113050795], [126.9739352904611, 37.30910851248684], [126.97238746389073, 37.31239729845201], [126.97050042759597, 37.316058646172586], [126.97000341451498, 37.31692400004181], [126.96873927727225, 37.31905008136245], [126.96692202659356, 37.323238361971136], [126.96694349595923, 37.32408018564124], [126.96695543287765, 37.32412926113844], [126.96697647724069, 37.32416203828978], [126.9670148459593, 37.324207280282145], [126.96726654347697, 37.32442812590834], [126.97069840912758, 37.33005614258977], [126.97119432204674, 37.33178863450821], [126.97354499516788, 37.330181136095725], [126.97670223111612, 37.3285191201696], [126.98093781840896, 37.32659362012859], [126.981050649393, 37.326599748697156], [126.98147193737564, 37.32662270608524], [126.98203650853283, 37.32665364458548], [126.98233818800841, 37.32669102016712], [126.98277935878322, 37.326747023477566], [126.98710775533263, 37.329448508020306], [126.98966942734943, 37.332305809654635], [126.98975575745929, 37.33247631798522], [126.99033880224302, 37.333165008566034], [126.99047214642283, 37.33329403443074], [126.99135356674795, 37.33396822586329], [126.99141394401062, 37.33401242781888], [127.00046651030817, 37.33849368449755], [127.00070135718668, 37.33845280665538], [127.00105422044257, 37.33839137884378], [127.0039878212568, 37.33819977668355], [127.00611881535663, 37.3380699870098]]]]}}, {"type": "Feature", "properties": {"adm_nm": "경기도 수원시장안구 율천동", "adm_cd2": "4111156600", "sgg": "41111", "sido": "41", "sidonm": "경기도", "sggnm": "수원시장안구", "adm_cd": "31011550", "dong": "율천동", "gu": "장안구", "old_score": 65, "vuln_score": 62, "support": 55, "blind_spot": 60, "is_fortress": false}, "geometry": {"type": "MultiPolygon", "coordinates": [[[[126.97273596524737, 37.30552026162965], [126.97304324791064, 37.303044415932526], [126.97284172215477, 37.30148242491314], [126.97283474124806, 37.301425327020944], [126.97282037473774, 37.30130768613349], [126.97269710512977, 37.300282930725594], [126.97315203033736, 37.3002467253096], [126.97339419303174, 37.3002274497503], [126.97448509858756, 37.30005763066537], [126.97459506490043, 37.300040115494745], [126.975566584675, 37.2997717548459], [126.97631272050143, 37.29956435948398], [126.97643529968713, 37.29950608629859], [126.97663677157908, 37.299410303618934], [126.9774292173036, 37.299031842371726], [126.97814556474299, 37.2983834623118], [126.97818073115583, 37.298351230514754], [126.97823616259804, 37.2982895045112], [126.97987652631494, 37.296433106633806], [126.98162756297162, 37.29445105853443], [126.98168251588167, 37.29438852292107], [126.98194111477596, 37.29409179136962], [126.98214724047838, 37.29385382552135], [126.98237113767276, 37.293595655786056], [126.98241950183503, 37.29354016149234], [126.98253744950344, 37.293404837991176], [126.9828388061559, 37.2930579938612], [126.9829010314418, 37.29298579410265], [126.98305558216042, 37.29280767881501], [126.98315978029656, 37.29268799680449], [126.98324321361932, 37.292592164920876], [126.9833157059034, 37.29250910296005], [126.983416610709, 37.292395743099696], [126.98346990836092, 37.2923362587137], [126.9837645308922, 37.29200942963199], [126.9841086644022, 37.29162694753014], [126.98437008242135, 37.29133621879853], [126.98373191506643, 37.290832082715276], [126.98367295098024, 37.2907969183285], [126.98364301246365, 37.29078430889758], [126.98328059571368, 37.29063180775639], [126.98294797568282, 37.29050078056147], [126.98153044758521, 37.2899434345628], [126.98104711047057, 37.28976120988076], [126.98046900475049, 37.28954346721326], [126.9798212827606, 37.28929950086712], [126.97925583687069, 37.28908744159655], [126.97896260314462, 37.28897122405586], [126.97759353356714, 37.28842660961371], [126.97876685881427, 37.286572649234536], [126.9761375953376, 37.28576783741423], [126.97427822076641, 37.28552216777181], [126.96957726973373, 37.28661526893942], [126.96963557492447, 37.287048149988976], [126.96973333937055, 37.28776517857115], [126.96975442743674, 37.28799626742225], [126.9697863456601, 37.28837048670363], [126.96980387421935, 37.28868605123941], [126.96807236175165, 37.294263508540766], [126.96776937973041, 37.294630588677215], [126.96604473509544, 37.29620250306588], [126.9654997523625, 37.296668503112585], [126.96509735883636, 37.29674694470013], [126.96500231494643, 37.29677681974916], [126.96495248046932, 37.296792485928094], [126.9636671837674, 37.29874380497139], [126.96367396132509, 37.29997422858721], [126.96371860197247, 37.30044089844818], [126.96395402620276, 37.300737142050906], [126.9641841177979, 37.30102665471825], [126.96420700322606, 37.30108196825084], [126.96444263920166, 37.30166555579206], [126.96425500176927, 37.30266854354947], [126.96424250277566, 37.30272262512767], [126.9614146731943, 37.302050985596395], [126.9610752166736, 37.3019687121463], [126.96161933885136, 37.3024193597033], [126.96397506329482, 37.30437030714423], [126.96575057369823, 37.30699030671215], [126.96595157085703, 37.30739798132415], [126.96634986009674, 37.308205988996754], [126.96635942403684, 37.30835348527055], [126.96663332532137, 37.312594421292914], [126.96666268436336, 37.31304881551076], [126.96770523980321, 37.31593794042539], [126.97000341451498, 37.31692400004181], [126.97050042759597, 37.316058646172586], [126.97238746389073, 37.31239729845201], [126.9739352904611, 37.30910851248684], [126.97356629972313, 37.30781113050795], [126.97308193647999, 37.30718025822542], [126.97278504437814, 37.30678241627402], [126.9727588259082, 37.30656833657515], [126.97268690302425, 37.305979655310935], [126.97271711100105, 37.30569359981478], [126.97272766878842, 37.30559562111115], [126.97273596524737, 37.30552026162965]]]]}}, {"type": "Feature", "properties": {"adm_nm": "경기도 수원시장안구 정자1동", "adm_cd2": "4111157100", "sgg": "41111", "sido": "41", "sidonm": "경기도", "sggnm": "수원시장안구", "adm_cd": "31011560", "dong": "정자1동", "gu": "장안구", "old_score": 65, "vuln_score": 62, "support": 55, "blind_spot": 60, "is_fortress": false}, "geometry": {"type": "MultiPolygon", "coordinates": [[[[126.9970875531925, 37.30313613820339], [126.99726492248377, 37.3027638760176], [126.99752099516236, 37.302223004248], [126.9978581370733, 37.30136811689046], [126.9979923557206, 37.301014891583236], [126.99804373641595, 37.30085934969952], [126.99807152244529, 37.300775232851095], [126.99811653986167, 37.30058049863848], [126.99813128942137, 37.30048253976005], [126.99813637972095, 37.30035410906293], [126.99780235093932, 37.29798429498356], [126.99769537663626, 37.29784529674503], [126.99666777576957, 37.29924367215594], [126.99584347756912, 37.30018211405946], [126.99422192343575, 37.29959042003641], [126.9935417377473, 37.29933061575414], [126.99346085524432, 37.299297594298785], [126.99256979461201, 37.29893660231256], [126.9913197797562, 37.29845918760288], [126.99029009094447, 37.300159453977265], [126.99019293790823, 37.300343819986196], [126.98994433556837, 37.300815977321946], [126.98967931057645, 37.3013184851018], [126.98954005211642, 37.301569135469094], [126.98749764911828, 37.302001999231564], [126.98542568409023, 37.30169329824267], [126.98449268335733, 37.3014841723539], [126.98392729376398, 37.30220971360892], [126.98265981618529, 37.30385133013908], [126.9825149403196, 37.30420891595462], [126.98250744800583, 37.304236709903186], [126.98245918833364, 37.304416073130675], [126.98237678887406, 37.30481006942917], [126.98230792497237, 37.30518496948624], [126.98218607021396, 37.30619173669699], [126.9816819858029, 37.30976127167044], [126.98507860897571, 37.31132648349352], [126.98674651560432, 37.31171970172745], [126.98734872371979, 37.31065744186185], [126.98817594305416, 37.30920250772598], [126.98839620411594, 37.308963466067645], [126.99210174000508, 37.306351885679526], [126.9923353883503, 37.306216553446156], [126.99238670904582, 37.306188041882194], [126.99264730860392, 37.306083809796995], [126.99337289781694, 37.305891993322525], [126.99344030955706, 37.30587436231779], [126.99374732661, 37.305796696546125], [126.99393864918578, 37.30575478007243], [126.99414356036692, 37.30570994228884], [126.9944623640901, 37.30568342917038], [126.99455284400875, 37.305676198921724], [126.9951307478508, 37.3056313429009], [126.99519632788788, 37.30562851286729], [126.99527325181775, 37.305625190345935], [126.99539238820938, 37.30561873968018], [126.9954468089696, 37.305615789814496], [126.99562759910307, 37.30557937824403], [126.9958312200497, 37.30550362797868], [126.99597242967091, 37.30537689682949], [126.99618483468575, 37.305039792818036], [126.9964115566747, 37.30467231578748], [126.99646871151941, 37.30456213904792], [126.99653658173173, 37.30443059991678], [126.9970875531925, 37.30313613820339]]]]}}, {"type": "Feature", "properties": {"adm_nm": "경기도 수원시장안구 정자2동", "adm_cd2": "4111157200", "sgg": "41111", "sido": "41", "sidonm": "경기도", "sggnm": "수원시장안구", "adm_cd": "31011570", "dong": "정자2동", "gu": "장안구", "old_score": 65, "vuln_score": 62, "support": 55, "blind_spot": 60, "is_fortress": false}, "geometry": {"type": "MultiPolygon", "coordinates": [[[[127.00935124032038, 37.29536576579804], [127.01095739417953, 37.293228160428804], [127.00064414960288, 37.289778988611694], [126.99864825117264, 37.28910807330247], [126.99331912830162, 37.28725743486652], [126.9930895166813, 37.28716669137132], [126.99275687937619, 37.287037945061456], [126.9919664058757, 37.28673371612161], [126.99054217648388, 37.28620366281203], [126.99036813592735, 37.286500371315896], [126.98898853875379, 37.28875803773084], [126.98856519332631, 37.28942323731871], [126.98853352835445, 37.289457803977754], [126.98841815457678, 37.28958372520589], [126.98821565146882, 37.28970791753093], [126.9879397848043, 37.289816048479935], [126.98612771298066, 37.28941155338559], [126.9867541804702, 37.28977820738379], [126.9872089853082, 37.2900889043993], [126.98751000638207, 37.29082596693443], [126.98757590048504, 37.2909878983084], [126.98792476207835, 37.29184520475847], [126.98798867841381, 37.292084475495756], [126.98800522719286, 37.292146391366636], [126.98969199849857, 37.2927598598404], [126.98987840100467, 37.29282714079028], [126.9924450185575, 37.2937981142994], [126.99260035813428, 37.293860790472756], [126.99392136138856, 37.29439547575152], [126.99733464866256, 37.297478658807485], [126.99769537663626, 37.29784529674503], [126.99780235093932, 37.29798429498356], [126.998970315777, 37.29691680477968], [126.999135164031, 37.2968147577492], [127.00169066867919, 37.29618330537314], [127.00179018635238, 37.29616907676149], [127.00199627697995, 37.29614177570916], [127.00264611489969, 37.296085917971865], [127.00353025595967, 37.296017413436765], [127.00935124032038, 37.29536576579804]]]]}}, {"type": "Feature", "properties": {"adm_nm": "경기도 수원시장안구 영화동", "adm_cd2": "4111158000", "sgg": "41111", "sido": "41", "sidonm": "경기도", "sggnm": "수원시장안구", "adm_cd": "31011580", "dong": "영화동", "gu": "장안구", "old_score": 83, "vuln_score": 73, "support": 52, "blind_spot": 72, "is_fortress": true}, "geometry": {"type": "MultiPolygon", "coordinates": [[[[127.01761461509767, 37.2878335985725], [127.01693663340579, 37.28833119632776], [127.01650457778135, 37.288639272580035], [127.01481031867287, 37.28944697115501], [127.01412985098682, 37.28917827066175], [127.01399756696821, 37.28911916335478], [127.01381360106102, 37.289036294806145], [127.01353019278416, 37.288570748532365], [127.01296563919989, 37.28771619843596], [127.01287156122396, 37.28759566497641], [127.01281700848644, 37.28752670943761], [127.01260285497108, 37.287381073522724], [127.01229180246969, 37.28716955379077], [127.01210095355934, 37.28704038944708], [127.01133766685213, 37.28655499686942], [127.01091672001455, 37.286338051315305], [127.00920787956647, 37.285520867887655], [127.006088315687, 37.28588984180126], [127.00525950351373, 37.28660075396561], [127.00064414960288, 37.289778988611694], [127.01095739417953, 37.293228160428804], [127.01450916208822, 37.29445182976433], [127.01927270174126, 37.2961929290477], [127.02100652292283, 37.29655825998633], [127.02288647187528, 37.29690274761716], [127.02478218387346, 37.297318368496164], [127.02540785798719, 37.29763061715349], [127.02543528629414, 37.297653712562976], [127.0255208558682, 37.29782824821867], [127.02658626267015, 37.297326754065125], [127.02542749019703, 37.295830944764276], [127.02046818840512, 37.29071507370377], [127.01979725892153, 37.290216588995044], [127.01934758176859, 37.2898553344212], [127.01891071844311, 37.28947384893037], [127.01883149340361, 37.28940366914378], [127.0187141511011, 37.28929571930053], [127.01838986330135, 37.288997374104206], [127.01788724521226, 37.28853337438251], [127.01776567464293, 37.288403912714045], [127.01771721395939, 37.288330986581165], [127.01768216852628, 37.288238939814526], [127.01765653322504, 37.28811665908604], [127.0176464420846, 37.28804858101057], [127.01761461509767, 37.2878335985725]]]]}}, {"type": "Feature", "properties": {"adm_nm": "경기도 수원시장안구 송죽동", "adm_cd2": "4111159100", "sgg": "41111", "sido": "41", "sidonm": "경기도", "sggnm": "수원시장안구", "adm_cd": "31011590", "dong": "송죽동", "gu": "장안구", "old_score": 65, "vuln_score": 62, "support": 55, "blind_spot": 60, "is_fortress": false}, "geometry": {"type": "MultiPolygon", "coordinates": [[[[127.01278295341129, 37.31652986185568], [127.01282411860691, 37.31395134393361], [127.00995152918028, 37.311763357573874], [127.009629501329, 37.311715827528786], [127.00825882097955, 37.31121212367007], [127.0077941192877, 37.310872171761964], [127.0073638257544, 37.310340816587264], [127.00464919438406, 37.30645577349913], [127.004489641047, 37.30605060802496], [127.00431715744136, 37.304603186903265], [127.0056605403035, 37.30376485383165], [127.00853284634537, 37.30198707943767], [127.00869894881656, 37.301887971913835], [127.00938349981243, 37.30148289030525], [127.00848899572942, 37.30049025497694], [127.00804694297915, 37.29999685521885], [127.00794403434436, 37.2998815004004], [127.0074630757339, 37.299340920253805], [127.007442269433, 37.29931669448259], [127.00726010853255, 37.29910458768425], [127.00711312654869, 37.29893272086944], [127.00689128692323, 37.2986670283576], [127.0079983692792, 37.29716967350015], [127.00897866138573, 37.295854336542035], [127.00917912698702, 37.29559130443298], [127.00931083511765, 37.29541853146272], [127.00935124032038, 37.29536576579804], [127.00353025595967, 37.296017413436765], [127.00264611489969, 37.296085917971865], [127.00199627697995, 37.29614177570916], [127.00179018635238, 37.29616907676149], [127.00169066867919, 37.29618330537314], [126.999135164031, 37.2968147577492], [126.998970315777, 37.29691680477968], [126.99780235093932, 37.29798429498356], [126.99813637972095, 37.30035410906293], [126.99813128942137, 37.30048253976005], [126.99811653986167, 37.30058049863848], [126.99807152244529, 37.300775232851095], [126.99804373641595, 37.30085934969952], [126.9979923557206, 37.301014891583236], [126.9978581370733, 37.30136811689046], [126.99752099516236, 37.302223004248], [126.99726492248377, 37.3027638760176], [126.9970875531925, 37.30313613820339], [126.99805752782278, 37.30446156108684], [126.99954187231802, 37.305782979421636], [127.0008479299668, 37.30765370845346], [127.0025530960163, 37.310360127909526], [127.00251658267715, 37.310443353575295], [127.00250150615908, 37.31048272585578], [127.00222049824818, 37.31170517624876], [127.0021847379181, 37.31188798020278], [127.00216720785079, 37.311977621436036], [127.00211664553419, 37.31226585232295], [127.00236818597203, 37.31262633722331], [127.00246608180781, 37.31274726238649], [127.00270665451976, 37.312960147127], [127.00289942360449, 37.31312989935502], [127.00613116921443, 37.316605947500385], [127.0079940183617, 37.318748858478166], [127.01030513500251, 37.31863904415983], [127.01146120251796, 37.31858407889993], [127.01278295341129, 37.31652986185568]]]]}}, {"type": "Feature", "properties": {"adm_nm": "경기도 수원시장안구 조원1동", "adm_cd2": "4111159700", "sgg": "41111", "sido": "41", "sidonm": "경기도", "sggnm": "수원시장안구", "adm_cd": "31011600", "dong": "조원1동", "gu": "장안구", "old_score": 65, "vuln_score": 62, "support": 55, "blind_spot": 60, "is_fortress": false}, "geometry": {"type": "MultiPolygon", "coordinates": [[[[127.0255208558682, 37.29782824821867], [127.02543528629414, 37.297653712562976], [127.02540785798719, 37.29763061715349], [127.02478218387346, 37.297318368496164], [127.02288647187528, 37.29690274761716], [127.02100652292283, 37.29655825998633], [127.01927270174126, 37.2961929290477], [127.01450916208822, 37.29445182976433], [127.01095739417953, 37.293228160428804], [127.00935124032038, 37.29536576579804], [127.00931083511765, 37.29541853146272], [127.00917912698702, 37.29559130443298], [127.00897866138573, 37.295854336542035], [127.0079983692792, 37.29716967350015], [127.00689128692323, 37.2986670283576], [127.00711312654869, 37.29893272086944], [127.00726010853255, 37.29910458768425], [127.007442269433, 37.29931669448259], [127.0074630757339, 37.299340920253805], [127.00794403434436, 37.2998815004004], [127.00804694297915, 37.29999685521885], [127.00848899572942, 37.30049025497694], [127.00938349981243, 37.30148289030525], [127.00941085726254, 37.30152295143163], [127.0094352349436, 37.30155863928449], [127.00945605153315, 37.30158442684827], [127.00967604067505, 37.30183456056816], [127.01080248195619, 37.30311017922441], [127.01161472799322, 37.30401266834094], [127.0116575165758, 37.30405684165044], [127.01168618207323, 37.30408620095271], [127.013939285111, 37.30630387606637], [127.01545802949829, 37.30625602080234], [127.01660432216372, 37.30655027934092], [127.01711574643973, 37.30668152706512], [127.01761261697912, 37.30680903559761], [127.01768867339271, 37.30681437533337], [127.01780013563678, 37.30682219388285], [127.01784257979658, 37.30682869455792], [127.01804181363622, 37.3068592338743], [127.01811860893116, 37.306870813945515], [127.01823538081305, 37.30688532126985], [127.01871362199654, 37.306908164039996], [127.0191587179236, 37.30687003285226], [127.01968037454509, 37.30682533316037], [127.0203487805743, 37.3068397621561], [127.02090104134219, 37.30685168911374], [127.02202838409164, 37.306874969458754], [127.02213367631727, 37.306877125334424], [127.02234736551273, 37.30688119694743], [127.02238051818888, 37.306881330751644], [127.02247546569787, 37.30684731694999], [127.02270335582149, 37.30679700139676], [127.02295167687056, 37.30678673529915], [127.02312573330643, 37.30678931168455], [127.02316041819084, 37.30678983002715], [127.02386840276755, 37.30725464182738], [127.02394544005001, 37.30734170581385], [127.02403420558068, 37.30746938838325], [127.0245209097838, 37.30701163707707], [127.02464022853955, 37.305534966886086], [127.0240865875453, 37.303655690986304], [127.02401049841332, 37.30339727242643], [127.02446375000834, 37.300071844574674], [127.02463387705292, 37.299484371732774], [127.0255208558682, 37.29782824821867]]]]}}, {"type": "Feature", "properties": {"adm_nm": "경기도 수원시장안구 연무동", "adm_cd2": "4111160000", "sgg": "41111", "sido": "41", "sidonm": "경기도", "sggnm": "수원시장안구", "adm_cd": "31011610", "dong": "연무동", "gu": "장안구", "old_score": 80, "vuln_score": 70, "support": 54, "blind_spot": 69, "is_fortress": true}, "geometry": {"type": "MultiPolygon", "coordinates": [[[[127.03344092364888, 37.34470695410112], [127.03323724011533, 37.34444481372404], [127.033054776014, 37.34417142456398], [127.03302689141805, 37.344121936764836], [127.03206804934035, 37.34238478027626], [127.03200723650353, 37.34207382407273], [127.03152468161127, 37.339222417208404], [127.03149695701025, 37.33891135724898], [127.03153495011198, 37.33700386494246], [127.03160092115569, 37.33682954617759], [127.03162507612383, 37.33677824942169], [127.0328911501668, 37.335728198755966], [127.03457699645394, 37.33453487531195], [127.03477055290762, 37.33438240128443], [127.03483245498364, 37.33431898893644], [127.03485929928235, 37.334291485082105], [127.0350092716425, 37.33409292279264], [127.0351409877053, 37.33391851778155], [127.03601960050918, 37.33238961334525], [127.03606366244529, 37.3321081034974], [127.0359364133014, 37.33180676740032], [127.03588641094336, 37.331562070723564], [127.03589736227418, 37.33127367062871], [127.03594701932074, 37.331000069833046], [127.0368554114896, 37.32943859988637], [127.0374796428101, 37.32876725647211], [127.03763488342383, 37.32864730297298], [127.03780024427468, 37.32860175306559], [127.03826505789314, 37.32850216296585], [127.03722319986959, 37.327329672143904], [127.03718398499917, 37.32728219603714], [127.03717054639831, 37.32717285051327], [127.03725210289223, 37.326413752399894], [127.0372573324354, 37.3263653233896], [127.03792139167932, 37.32494710970844], [127.03955413772032, 37.321767075542056], [127.03991793157468, 37.32133695197896], [127.03889482898782, 37.32082601190011], [127.0387811078962, 37.31932698232575], [127.03807111345938, 37.31616030499192], [127.03542620786463, 37.314294220299], [127.03505987316568, 37.31410687044599], [127.03463539171922, 37.31393293780804], [127.03423248277915, 37.31376785004161], [127.03310286930822, 37.31179863568322], [127.03230777780381, 37.30964317183556], [127.0328255763025, 37.308741297277216], [127.03322767150036, 37.30801641933274], [127.03332677228882, 37.30703887621769], [127.03321745176302, 37.3049910938846], [127.03304338061197, 37.302803413953384], [127.03282805153414, 37.30158681501838], [127.03269174825279, 37.30059249639508], [127.0326535900562, 37.30003573702229], [127.03257548433444, 37.29875432995582], [127.03274187308362, 37.297961764262695], [127.03320717904747, 37.297395842116025], [127.03387244891009, 37.2969082153672], [127.03450075482951, 37.295422269134264], [127.03455325790492, 37.29445460717488], [127.03457117970899, 37.294063700583784], [127.0345565828007, 37.29368951126961], [127.03393198638591, 37.293201483507204], [127.03382332962624, 37.29309852155089], [127.03355408371726, 37.29285070518749], [127.03342144938905, 37.2927465225267], [127.03335917351993, 37.292716923241116], [127.03318720528166, 37.292655459865394], [127.03301584942118, 37.292599010386326], [127.03282959976134, 37.292564331745105], [127.0323933125933, 37.29252500470348], [127.03210244970751, 37.292504213936425], [127.03187596873181, 37.29248803082316], [127.03164407983192, 37.29247246586461], [127.03115210015031, 37.29243896939974], [127.03107117575036, 37.29243302594224], [127.03069125399304, 37.29237063662417], [127.02820011300867, 37.29180527993122], [127.02734118274633, 37.29159227978523], [127.02726140936184, 37.29157206751089], [127.0271785496544, 37.2915510676582], [127.02691778845254, 37.291449863211156], [127.02660948812053, 37.291330205897665], [127.0265152362168, 37.29129264654674], [127.02633135891466, 37.29115444881281], [127.02608501882771, 37.290968677718], [127.02603679005892, 37.290912634457186], [127.0259862844211, 37.29085357141434], [127.02586541085805, 37.290681606778755], [127.0252778527567, 37.28981504362083], [127.02510290104524, 37.289508060133016], [127.02466343512279, 37.28951624023535], [127.02439216548541, 37.289488114224575], [127.02376955494341, 37.28926477014381], [127.02297492637727, 37.288701581463705], [127.02294534549496, 37.28866232386621], [127.02284975615709, 37.28853544642506], [127.02275815836012, 37.28841253308959], [127.02273859268486, 37.28838626880279], [127.02270105779257, 37.2883328362523], [127.02258066046996, 37.28816141097781], [127.02254385703353, 37.28810830582705], [127.02251567320283, 37.28806762955775], [127.0219895353188, 37.28781959756652], [127.02147663967679, 37.287577809326194], [127.02130007474985, 37.287524093613186], [127.0212621517747, 37.28751255657427], [127.02099809523705, 37.28743277885084], [127.02049279563435, 37.2872820034656], [127.02018769788465, 37.28725034516819], [127.01870272173116, 37.28714741680899], [127.01804337444155, 37.28747011252365], [127.01761461509767, 37.2878335985725], [127.0176464420846, 37.28804858101057], [127.01765653322504, 37.28811665908604], [127.01768216852628, 37.288238939814526], [127.01771721395939, 37.288330986581165], [127.01776567464293, 37.288403912714045], [127.01788724521226, 37.28853337438251], [127.01838986330135, 37.288997374104206], [127.0187141511011, 37.28929571930053], [127.01883149340361, 37.28940366914378], [127.01891071844311, 37.28947384893037], [127.01934758176859, 37.2898553344212], [127.01979725892153, 37.290216588995044], [127.02046818840512, 37.29071507370377], [127.02542749019703, 37.295830944764276], [127.02658626267015, 37.297326754065125], [127.0255208558682, 37.29782824821867], [127.02463387705292, 37.299484371732774], [127.02446375000834, 37.300071844574674], [127.02401049841332, 37.30339727242643], [127.0240865875453, 37.303655690986304], [127.02464022853955, 37.305534966886086], [127.0245209097838, 37.30701163707707], [127.02403420558068, 37.30746938838325], [127.01921070016921, 37.31213597729853], [127.01707376910356, 37.31409332647867], [127.01278295341129, 37.31652986185568], [127.01146120251796, 37.31858407889993], [127.01030513500251, 37.31863904415983], [127.0079940183617, 37.318748858478166], [127.0059870553524, 37.32123390940727], [127.00560677843627, 37.32285261008143], [127.00543548954273, 37.323801728393775], [127.00408134484843, 37.32547601595909], [127.00401848600237, 37.325531070441585], [127.00396995397536, 37.32557357458501], [127.00340907451353, 37.32590248066245], [127.0027359081697, 37.32629590199769], [127.00234723200562, 37.32688616085383], [127.00267722203644, 37.32819568177912], [127.00331628651146, 37.329602271400866], [127.00602997781641, 37.331866342818905], [127.00629693471055, 37.33208906668649], [127.00642428858987, 37.33235548359935], [127.0070222477137, 37.33467002452412], [127.00706178037204, 37.33499130693701], [127.00611881535663, 37.3380699870098], [127.00610159270177, 37.33811499775715], [127.00624614091417, 37.33829126703061], [127.006273752486, 37.338324264694634], [127.00648519145426, 37.33857528051218], [127.00652934063926, 37.3386205337903], [127.00660900722005, 37.33863100660993], [127.00794668256714, 37.3387515039371], [127.00800450846832, 37.33875625133812], [127.00828511047357, 37.33877718523355], [127.00835789017515, 37.33877740657569], [127.00854624799565, 37.33877765735202], [127.008717769007, 37.338768229176495], [127.00876228089191, 37.33876391069998], [127.00882299554327, 37.33875776837604], [127.00890343375777, 37.33875209909504], [127.00902511138911, 37.33875767439271], [127.00905842481947, 37.33877254573451], [127.00910002456936, 37.338793477191864], [127.00914346588245, 37.33884281433018], [127.00917252955803, 37.33892785866053], [127.00918847305518, 37.339080033093786], [127.00917881310005, 37.33914713699576], [127.0091699926499, 37.339208403421004], [127.00915307390179, 37.33931537238947], [127.00912666921195, 37.33946962457052], [127.00912235586509, 37.33953566898807], [127.00911921193857, 37.3395850832454], [127.00912559859928, 37.33963412241061], [127.0091465965526, 37.33967490243887], [127.00917729317716, 37.339713771207904], [127.00921798480104, 37.339749431948945], [127.00929728248435, 37.33981511109886], [127.00943348006874, 37.3399204616248], [127.00950377263376, 37.33996131528111], [127.00953541142285, 37.339979474096786], [127.00956983921583, 37.340001024649325], [127.00966306277753, 37.34006064089486], [127.00970965888096, 37.340092869136534], [127.00981707014319, 37.340175565360795], [127.00986404117764, 37.34022308253863], [127.00990249757217, 37.34027619806435], [127.00994771756757, 37.34036648305061], [127.00997867043526, 37.34043708583338], [127.00998482591972, 37.3405289261259], [127.0099893324035, 37.34065181220472], [127.01000279029743, 37.34070154492257], [127.0100117384088, 37.34073072186787], [127.01008442250775, 37.34083806202], [127.01018322932825, 37.34094213010085], [127.0102181481252, 37.340977697186304], [127.01024695605791, 37.34100768554849], [127.01025660314221, 37.34105285318352], [127.0102582240177, 37.341128350650564], [127.0102384840465, 37.34123530806416], [127.01022927976281, 37.34127406544753], [127.0102232442375, 37.341299468451275], [127.01019281241683, 37.34142215577691], [127.01017981199261, 37.341468297785376], [127.0101543897034, 37.34150713133216], [127.01028762488852, 37.341828548805424], [127.01034391600298, 37.34195008980188], [127.01042035223767, 37.34211445767382], [127.01090210614271, 37.34313771610627], [127.01093899279634, 37.34321561278761], [127.01158649684363, 37.34379967907345], [127.01261795861186, 37.345133471061615], [127.01262967015562, 37.345394919982844], [127.01268823368497, 37.346706671333735], [127.01269558713778, 37.34687909081712], [127.01330550123632, 37.34782579858821], [127.01461020553634, 37.34915055587573], [127.015889256373, 37.349763327981535], [127.01701232772487, 37.35002796712021], [127.01776490704651, 37.350086247016215], [127.01850993547828, 37.350443073873905], [127.0188076940644, 37.35156311737541], [127.02508349180493, 37.34854234860914], [127.02611100140884, 37.34862030135533], [127.0263107404538, 37.348615467690045], [127.02648759789737, 37.34854519193376], [127.02867387621234, 37.34762099359423], [127.02877859223024, 37.347576341667015], [127.02900564889308, 37.347376688425065], [127.03195480593182, 37.34540647947907], [127.03344092364888, 37.34470695410112]]]]}}, {"type": "Feature", "properties": {"adm_nm": "경기도 수원시장안구 정자3동", "adm_cd2": "4111157300", "sgg": "41111", "sido": "41", "sidonm": "경기도", "sggnm": "수원시장안구", "adm_cd": "31011620", "dong": "정자3동", "gu": "장안구", "old_score": 65, "vuln_score": 62, "support": 55, "blind_spot": 60, "is_fortress": false}, "geometry": {"type": "MultiPolygon", "coordinates": [[[[126.99769537663626, 37.29784529674503], [126.99733464866256, 37.297478658807485], [126.99392136138856, 37.29439547575152], [126.99260035813428, 37.293860790472756], [126.9924450185575, 37.2937981142994], [126.98987840100467, 37.29282714079028], [126.98969199849857, 37.2927598598404], [126.98800522719286, 37.292146391366636], [126.98798867841381, 37.292084475495756], [126.98792476207835, 37.29184520475847], [126.98757590048504, 37.2909878983084], [126.98751000638207, 37.29082596693443], [126.9872089853082, 37.2900889043993], [126.9867541804702, 37.28977820738379], [126.98612771298066, 37.28941155338559], [126.98437008242135, 37.29133621879853], [126.9841086644022, 37.29162694753014], [126.9837645308922, 37.29200942963199], [126.98346990836092, 37.2923362587137], [126.983416610709, 37.292395743099696], [126.9833157059034, 37.29250910296005], [126.98324321361932, 37.292592164920876], [126.98315978029656, 37.29268799680449], [126.98305558216042, 37.29280767881501], [126.9829010314418, 37.29298579410265], [126.9828388061559, 37.2930579938612], [126.98253744950344, 37.293404837991176], [126.98241950183503, 37.29354016149234], [126.98237113767276, 37.293595655786056], [126.98214724047838, 37.29385382552135], [126.98194111477596, 37.29409179136962], [126.98168251588167, 37.29438852292107], [126.98162756297162, 37.29445105853443], [126.97987652631494, 37.296433106633806], [126.97823616259804, 37.2982895045112], [126.97818073115583, 37.298351230514754], [126.97814556474299, 37.2983834623118], [126.9774292173036, 37.299031842371726], [126.97663677157908, 37.299410303618934], [126.97643529968713, 37.29950608629859], [126.97631272050143, 37.29956435948398], [126.975566584675, 37.2997717548459], [126.97459506490043, 37.300040115494745], [126.97448509858756, 37.30005763066537], [126.97339419303174, 37.3002274497503], [126.97315203033736, 37.3002467253096], [126.97269710512977, 37.300282930725594], [126.97282037473774, 37.30130768613349], [126.97283474124806, 37.301425327020944], [126.97284172215477, 37.30148242491314], [126.97304324791064, 37.303044415932526], [126.97273596524737, 37.30552026162965], [126.97363119253309, 37.30517937098915], [126.97374502807408, 37.30513706139802], [126.97390887010955, 37.305105114601176], [126.9756133934982, 37.30542140440956], [126.97594363160285, 37.305498358336095], [126.97624454885414, 37.305613490498615], [126.97633725235585, 37.30568939183903], [126.98218607021396, 37.30619173669699], [126.98230792497237, 37.30518496948624], [126.98237678887406, 37.30481006942917], [126.98245918833364, 37.304416073130675], [126.98250744800583, 37.304236709903186], [126.9825149403196, 37.30420891595462], [126.98265981618529, 37.30385133013908], [126.98392729376398, 37.30220971360892], [126.98449268335733, 37.3014841723539], [126.98542568409023, 37.30169329824267], [126.98749764911828, 37.302001999231564], [126.98954005211642, 37.301569135469094], [126.98967931057645, 37.3013184851018], [126.98994433556837, 37.300815977321946], [126.99019293790823, 37.300343819986196], [126.99029009094447, 37.300159453977265], [126.9913197797562, 37.29845918760288], [126.99256979461201, 37.29893660231256], [126.99346085524432, 37.299297594298785], [126.9935417377473, 37.29933061575414], [126.99422192343575, 37.29959042003641], [126.99584347756912, 37.30018211405946], [126.99666777576957, 37.29924367215594], [126.99769537663626, 37.29784529674503]]]]}}, {"type": "Feature", "properties": {"adm_nm": "경기도 수원시장안구 조원2동", "adm_cd2": "4111159800", "sgg": "41111", "sido": "41", "sidonm": "경기도", "sggnm": "수원시장안구", "adm_cd": "31011630", "dong": "조원2동", "gu": "장안구", "old_score": 65, "vuln_score": 62, "support": 55, "blind_spot": 60, "is_fortress": false}, "geometry": {"type": "MultiPolygon", "coordinates": [[[[127.02403420558068, 37.30746938838325], [127.02394544005001, 37.30734170581385], [127.02386840276755, 37.30725464182738], [127.02316041819084, 37.30678983002715], [127.02312573330643, 37.30678931168455], [127.02295167687056, 37.30678673529915], [127.02270335582149, 37.30679700139676], [127.02247546569787, 37.30684731694999], [127.02238051818888, 37.306881330751644], [127.02234736551273, 37.30688119694743], [127.02213367631727, 37.306877125334424], [127.02202838409164, 37.306874969458754], [127.02090104134219, 37.30685168911374], [127.0203487805743, 37.3068397621561], [127.01968037454509, 37.30682533316037], [127.0191587179236, 37.30687003285226], [127.01871362199654, 37.306908164039996], [127.01823538081305, 37.30688532126985], [127.01811860893116, 37.306870813945515], [127.01804181363622, 37.3068592338743], [127.01784257979658, 37.30682869455792], [127.01780013563678, 37.30682219388285], [127.01768867339271, 37.30681437533337], [127.01761261697912, 37.30680903559761], [127.01711574643973, 37.30668152706512], [127.01660432216372, 37.30655027934092], [127.01545802949829, 37.30625602080234], [127.013939285111, 37.30630387606637], [127.01168618207323, 37.30408620095271], [127.0116575165758, 37.30405684165044], [127.01161472799322, 37.30401266834094], [127.01080248195619, 37.30311017922441], [127.00967604067505, 37.30183456056816], [127.00945605153315, 37.30158442684827], [127.0094352349436, 37.30155863928449], [127.00941085726254, 37.30152295143163], [127.00938349981243, 37.30148289030525], [127.00869894881656, 37.301887971913835], [127.00853284634537, 37.30198707943767], [127.0056605403035, 37.30376485383165], [127.00431715744136, 37.304603186903265], [127.004489641047, 37.30605060802496], [127.00464919438406, 37.30645577349913], [127.0073638257544, 37.310340816587264], [127.0077941192877, 37.310872171761964], [127.00825882097955, 37.31121212367007], [127.009629501329, 37.311715827528786], [127.00995152918028, 37.311763357573874], [127.01282411860691, 37.31395134393361], [127.01278295341129, 37.31652986185568], [127.01707376910356, 37.31409332647867], [127.01921070016921, 37.31213597729853], [127.02403420558068, 37.30746938838325]]]]}}, {"type": "Feature", "properties": {"adm_nm": "경기도 수원시권선구 세류1동", "adm_cd2": "4111352000", "sgg": "41113", "sido": "41", "sidonm": "경기도", "sggnm": "수원시권선구", "adm_cd": "31012520", "dong": "세류1동", "gu": "권선구", "old_score": 65, "vuln_score": 60, "support": 52, "blind_spot": 60, "is_fortress": false}, "geometry": {"type": "MultiPolygon", "coordinates": [[[[127.01219316316816, 37.26630088771367], [127.01117837601832, 37.264848816889014], [127.00841533127655, 37.259512415264126], [127.00789366251277, 37.25660998644537], [127.00782054594274, 37.25636517915994], [127.00762314389647, 37.25604999692845], [127.00714757098504, 37.255699854468745], [127.00602370952554, 37.25522306536961], [127.0046326888707, 37.25464937495404], [127.00456449791629, 37.25462204778812], [127.00352202268812, 37.25431458705187], [127.003445939898, 37.2542974119151], [127.00285065541388, 37.25416303983807], [127.00214107808532, 37.254034989784], [126.99999203188665, 37.25374086785478], [126.99902976262977, 37.25363267121393], [126.99844056875193, 37.25356642117922], [126.99814055934043, 37.253532474387804], [126.99862924079594, 37.25541169950699], [126.99874067539969, 37.25560597118898], [126.99961689980879, 37.25643445362384], [127.00155064699946, 37.25788842908844], [127.00316630182216, 37.259114148485324], [127.0036400558927, 37.25951847742542], [127.00316915673412, 37.26030886840591], [127.00309704324503, 37.26042989342356], [127.00255326121471, 37.26134139816482], [127.00102287396122, 37.26339576972796], [127.00191238613043, 37.264148798740834], [127.00208451649952, 37.26413081887137], [127.00219653909623, 37.26411908507831], [127.00505649068056, 37.26381932879814], [127.00524732351263, 37.26379884452322], [127.00598230222091, 37.263721914969864], [127.00625174681676, 37.26369374368184], [127.00681179565063, 37.26363523392602], [127.00710388920699, 37.263604793391146], [127.00718916086723, 37.26359624259576], [127.00960457307993, 37.266993258750304], [127.00970968248781, 37.26719763434316], [127.00981322291359, 37.267647618595745], [127.01219316316816, 37.26630088771367]]]]}}, {"type": "Feature", "properties": {"adm_nm": "경기도 수원시권선구 세류2동", "adm_cd2": "4111353000", "sgg": "41113", "sido": "41", "sidonm": "경기도", "sggnm": "수원시권선구", "adm_cd": "31012530", "dong": "세류2동", "gu": "권선구", "old_score": 58, "vuln_score": 55, "support": 52, "blind_spot": 55, "is_fortress": false}, "geometry": {"type": "MultiPolygon", "coordinates": [[[[127.02025690065864, 37.253132988262045], [127.01873578581933, 37.250166756955174], [127.01809917552809, 37.248869487699906], [127.01800041858104, 37.248667447860704], [127.01771395597149, 37.24794741772153], [127.01767369675773, 37.24597094145372], [127.01620850851795, 37.24102643447544], [127.0156936941422, 37.239369336957495], [127.01599643192465, 37.23783349293377], [127.01561199039874, 37.23712094332362], [127.01390453256457, 37.23648409500988], [127.0128591528956, 37.236115859893154], [127.01269060022722, 37.23615053728906], [127.0117316836966, 37.23634783364164], [127.01092677050134, 37.236512631943924], [127.01060421498421, 37.23657866987952], [127.00964674314704, 37.23656344168411], [127.00681365713443, 37.23502023771199], [127.00549721688044, 37.23430283278393], [127.00300988735844, 37.23283548154152], [127.00294330920686, 37.23050739460644], [127.00295802779466, 37.23046677625825], [127.00317650830355, 37.229863873038404], [127.00368395585323, 37.229291369782516], [126.99758056517456, 37.230232378401766], [126.997731628138, 37.230938358951974], [126.99770074018711, 37.231876205029245], [126.99760809875886, 37.23468877791127], [126.99759372464797, 37.23511523132941], [126.99757651285653, 37.23562609758412], [126.99751482079616, 37.237500742733296], [126.99791434241563, 37.237500977035886], [126.99813058862706, 37.237501100449734], [127.00080763707014, 37.24356529676618], [127.00049974808547, 37.24676057525336], [126.99869235947294, 37.24917549274568], [126.99841187960116, 37.25279109989255], [126.9984306640226, 37.253464972283155], [126.99843768565593, 37.25353695137747], [126.99844056875193, 37.25356642117922], [126.99902976262977, 37.25363267121393], [126.99999203188665, 37.25374086785478], [127.00214107808532, 37.254034989784], [127.00285065541388, 37.25416303983807], [127.003445939898, 37.2542974119151], [127.00352202268812, 37.25431458705187], [127.00456449791629, 37.25462204778812], [127.0046326888707, 37.25464937495404], [127.00602370952554, 37.25522306536961], [127.00714757098504, 37.255699854468745], [127.00762314389647, 37.25604999692845], [127.00782054594274, 37.25636517915994], [127.00789366251277, 37.25660998644537], [127.00841533127655, 37.259512415264126], [127.00881413998606, 37.25943179385995], [127.01016415446409, 37.25915693597527], [127.01052208196334, 37.25908394303348], [127.0112447891809, 37.25893481828598], [127.01220825779293, 37.25872300946041], [127.01201819698082, 37.25835548209803], [127.01174101646644, 37.25783829084072], [127.01169366481317, 37.257749082818876], [127.01126823379788, 37.25694283252328], [127.01127553173687, 37.256685965076514], [127.01129356862884, 37.256076471122526], [127.01225749246711, 37.25606157964295], [127.01261863844776, 37.25605600076338], [127.0128280323867, 37.2560534273017], [127.01526899626654, 37.25601608098835], [127.01505939472884, 37.25562322933232], [127.01498278662683, 37.25547981903616], [127.01476335560466, 37.255068907670605], [127.01559407781754, 37.25467444589999], [127.016491997246, 37.25437650008342], [127.01877513125785, 37.25362039029481], [127.02025690065864, 37.253132988262045]]]]}}, {"type": "Feature", "properties": {"adm_nm": "경기도 수원시권선구 세류3동", "adm_cd2": "4111354000", "sgg": "41113", "sido": "41", "sidonm": "경기도", "sggnm": "수원시권선구", "adm_cd": "31012540", "dong": "세류3동", "gu": "권선구", "old_score": 58, "vuln_score": 55, "support": 52, "blind_spot": 55, "is_fortress": false}, "geometry": {"type": "MultiPolygon", "coordinates": [[[[127.02067671924755, 37.264501184152486], [127.02043374098994, 37.26402921810833], [127.01937680098271, 37.26197425996611], [127.01704032574978, 37.257429609607044], [127.01806227708808, 37.25718070711232], [127.02137596016206, 37.256374555109176], [127.0216289812528, 37.256313525590926], [127.02189972228909, 37.25624822235805], [127.02025690065864, 37.253132988262045], [127.01877513125785, 37.25362039029481], [127.016491997246, 37.25437650008342], [127.01559407781754, 37.25467444589999], [127.01476335560466, 37.255068907670605], [127.01498278662683, 37.25547981903616], [127.01505939472884, 37.25562322933232], [127.01526899626654, 37.25601608098835], [127.0128280323867, 37.2560534273017], [127.01261863844776, 37.25605600076338], [127.01225749246711, 37.25606157964295], [127.01129356862884, 37.256076471122526], [127.01127553173687, 37.256685965076514], [127.01126823379788, 37.25694283252328], [127.01169366481317, 37.257749082818876], [127.01174101646644, 37.25783829084072], [127.01201819698082, 37.25835548209803], [127.01220825779293, 37.25872300946041], [127.0112447891809, 37.25893481828598], [127.01052208196334, 37.25908394303348], [127.01016415446409, 37.25915693597527], [127.00881413998606, 37.25943179385995], [127.00841533127655, 37.259512415264126], [127.01117837601832, 37.264848816889014], [127.01219316316816, 37.26630088771367], [127.01358428967959, 37.26449591871563], [127.01506747497584, 37.26425749732039], [127.01674301105608, 37.264692510611525], [127.02002713819212, 37.26456728105928], [127.02067671924755, 37.264501184152486]]]]}}, {"type": "Feature", "properties": {"adm_nm": "경기도 수원시권선구 평동", "adm_cd2": "4111355000", "sgg": "41113", "sido": "41", "sidonm": "경기도", "sggnm": "수원시권선구", "adm_cd": "31012550", "dong": "평동", "gu": "권선구", "old_score": 58, "vuln_score": 55, "support": 52, "blind_spot": 55, "is_fortress": false}, "geometry": {"type": "MultiPolygon", "coordinates": [[[[127.00102287396122, 37.26339576972796], [127.00255326121471, 37.26134139816482], [127.00309704324503, 37.26042989342356], [127.00316915673412, 37.26030886840591], [127.0036400558927, 37.25951847742542], [127.00316630182216, 37.259114148485324], [127.00155064699946, 37.25788842908844], [126.99961689980879, 37.25643445362384], [126.99874067539969, 37.25560597118898], [126.99862924079594, 37.25541169950699], [126.99814055934043, 37.253532474387804], [126.99844056875193, 37.25356642117922], [126.99843768565593, 37.25353695137747], [126.9984306640226, 37.253464972283155], [126.99841187960116, 37.25279109989255], [126.99869235947294, 37.24917549274568], [127.00049974808547, 37.24676057525336], [127.00080763707014, 37.24356529676618], [126.99813058862706, 37.237501100449734], [126.99791434241563, 37.237500977035886], [126.99751482079616, 37.237500742733296], [126.99757651285653, 37.23562609758412], [126.99759372464797, 37.23511523132941], [126.99760809875886, 37.23468877791127], [126.99770074018711, 37.231876205029245], [126.997731628138, 37.230938358951974], [126.99758056517456, 37.230232378401766], [126.99264594823835, 37.23085245816746], [126.9911922059978, 37.23203944619896], [126.99038570059315, 37.232632028703954], [126.98948910450845, 37.23310478028468], [126.9885189950617, 37.23350735100734], [126.9882493625394, 37.2335782979758], [126.98811538016567, 37.233594619232015], [126.98572346354352, 37.23263666292667], [126.98240038138216, 37.23226444348291], [126.98157745391548, 37.23226253406142], [126.98036006627134, 37.23224480351824], [126.98032074829425, 37.23222711233], [126.9802624754124, 37.23219367255576], [126.98022042640203, 37.232160812348724], [126.9802044571894, 37.23212577254049], [126.98006355577238, 37.23161139795504], [126.97990824350472, 37.23104058195826], [126.97952666782994, 37.230587079104446], [126.97894736031782, 37.23009890459752], [126.97822458087872, 37.229572911663595], [126.97282308219386, 37.228720831700635], [126.97198506510931, 37.22886695582991], [126.9703933011367, 37.229196744879594], [126.969246441473, 37.23067355323894], [126.96899455290443, 37.231640023598594], [126.96770032493929, 37.234836430516346], [126.96695423283646, 37.23562517684138], [126.96500792807221, 37.23664737227751], [126.96399651303881, 37.23708673636768], [126.96298508756847, 37.23752496495481], [126.96200315137962, 37.23767937907193], [126.96095161151882, 37.23810839397191], [126.95776467963022, 37.23976480644073], [126.95736384760262, 37.24031744576045], [126.95735073332276, 37.24039952081551], [126.9574151763029, 37.24043640374651], [126.9576047756129, 37.24054490795288], [126.95776528285225, 37.24076310465969], [126.95799209596402, 37.2412666709224], [126.9579925296684, 37.24130498220781], [126.95795860148625, 37.24259827223269], [126.95779198844801, 37.24317134385259], [126.95731238077242, 37.24417619062083], [126.9567025593173, 37.24509732386631], [126.95667789024778, 37.245188443536215], [126.95618808412476, 37.24677043022802], [126.95489436193033, 37.247438274772875], [126.95368356406165, 37.24798515009226], [126.9533657525033, 37.24812870864571], [126.95296725825544, 37.248725069461194], [126.95272101599312, 37.249093574321286], [126.95224433524223, 37.25147262969224], [126.95289591714283, 37.25270236296509], [126.95315457196111, 37.25292517440778], [126.95851838405852, 37.25339396195866], [126.96073711087378, 37.25357760609281], [126.96548318643512, 37.257351177026784], [126.96640681005499, 37.25790071666777], [126.96677954959785, 37.258120952211065], [126.96732637279645, 37.258337494495215], [126.96738067131302, 37.258348816893474], [126.96743676707855, 37.258360507908236], [126.96731201474331, 37.2568726668429], [126.96731098335495, 37.256841374840604], [126.96730504891843, 37.256660808070386], [126.96735882904176, 37.25643006706992], [126.96740163862596, 37.25640068583204], [126.96754155033872, 37.25630469385276], [126.96865735858196, 37.255883798981316], [126.97375264350124, 37.25662094128269], [126.97338171516063, 37.25961977366331], [126.97433277868497, 37.25938062213071], [126.97560188683019, 37.25906048647619], [126.97651874708623, 37.25882919002258], [126.97761877528335, 37.25855236311157], [126.97939173593186, 37.25829989489898], [126.98050952841419, 37.25817929461674], [126.98104048582304, 37.25812206800299], [126.98248605537134, 37.257966423907], [126.98319630771957, 37.25800600565756], [126.98362672510159, 37.25802999481461], [126.98444532246222, 37.25819130605917], [126.98492454358006, 37.2583038125525], [126.98539810113778, 37.2584185459771], [126.98836974551466, 37.25933957882471], [126.99592190616056, 37.261764005632195], [126.99846236487811, 37.26271566670531], [126.99860455923046, 37.262769487262496], [126.99886875544345, 37.262869497732005], [126.99903676331363, 37.26293894001445], [127.00038968820422, 37.264178405176224], [127.00102287396122, 37.26339576972796]]]]}}, {"type": "Feature", "properties": {"adm_nm": "경기도 수원시권선구 서둔동", "adm_cd2": "4111356000", "sgg": "41113", "sido": "41", "sidonm": "경기도", "sggnm": "수원시권선구", "adm_cd": "31012560", "dong": "서둔동", "gu": "권선구", "old_score": 68, "vuln_score": 62, "support": 50, "blind_spot": 62, "is_fortress": false}, "geometry": {"type": "MultiPolygon", "coordinates": [[[[126.99313963695145, 37.27737439111898], [126.99539459598233, 37.27361946027393], [126.99743132393749, 37.269899946385955], [126.9986698127897, 37.266192543483314], [126.99889279194065, 37.26583743720757], [127.00004877907965, 37.264136437604655], [127.00038968820422, 37.264178405176224], [126.99903676331363, 37.26293894001445], [126.99886875544345, 37.262869497732005], [126.99860455923046, 37.262769487262496], [126.99846236487811, 37.26271566670531], [126.99592190616056, 37.261764005632195], [126.98836974551466, 37.25933957882471], [126.98539810113778, 37.2584185459771], [126.98492454358006, 37.2583038125525], [126.98444532246222, 37.25819130605917], [126.98362672510159, 37.25802999481461], [126.98319630771957, 37.25800600565756], [126.98248605537134, 37.257966423907], [126.98104048582304, 37.25812206800299], [126.98050952841419, 37.25817929461674], [126.97939173593186, 37.25829989489898], [126.97761877528335, 37.25855236311157], [126.97651874708623, 37.25882919002258], [126.97560188683019, 37.25906048647619], [126.97433277868497, 37.25938062213071], [126.97338171516063, 37.25961977366331], [126.97375264350124, 37.25662094128269], [126.96865735858196, 37.255883798981316], [126.96754155033872, 37.25630469385276], [126.96740163862596, 37.25640068583204], [126.96735882904176, 37.25643006706992], [126.96730504891843, 37.256660808070386], [126.96731098335495, 37.256841374840604], [126.96731201474331, 37.2568726668429], [126.96743676707855, 37.258360507908236], [126.96751014963357, 37.259363655729906], [126.96865886477671, 37.26033471309905], [126.96905653754389, 37.260670859780795], [126.97047040830704, 37.26107943838719], [126.97065354501188, 37.26279541831366], [126.9704406108532, 37.26342980355787], [126.97007772667267, 37.26451086022745], [126.96949018851895, 37.26536905846022], [126.96772751747234, 37.267941356585716], [126.96384846462196, 37.27190577176123], [126.9621145103767, 37.273163233281124], [126.96498569836058, 37.2735645182624], [126.9796351357638, 37.276193609570846], [126.97900974665133, 37.276711403015526], [126.97859347925379, 37.27706561958678], [126.97844670006171, 37.27729032065681], [126.97841671992174, 37.277370141914936], [126.97841016949661, 37.27798761068199], [126.97850628134346, 37.28285892135218], [126.97864279730742, 37.28289106143778], [126.98133813136297, 37.28352261768414], [126.98228148053454, 37.28389125503513], [126.98386280760427, 37.2842536933016], [126.98611896885045, 37.28281897712277], [126.98645928972208, 37.28243510977354], [126.98655192260448, 37.28229128918376], [126.98661026366055, 37.28210901070926], [126.98665999678906, 37.27956167167863], [126.98663558873096, 37.27941847006465], [126.98659369307768, 37.27930730914721], [126.98643822254046, 37.27889480737005], [126.98594412495198, 37.27784028899211], [126.98578356585274, 37.27760635675685], [126.98567947255435, 37.27746731568875], [126.98582667079633, 37.27541503698142], [126.98586938206842, 37.27493973859734], [126.98633630399424, 37.274803176636254], [126.9864558678999, 37.27479315811361], [126.98654086276217, 37.27478603623832], [126.98676375785739, 37.27476784824608], [126.98692527047069, 37.27475615424428], [126.99313963695145, 37.27737439111898]]]]}}, {"type": "Feature", "properties": {"adm_nm": "경기도 수원시권선구 구운동", "adm_cd2": "4111365000", "sgg": "41113", "sido": "41", "sidonm": "경기도", "sggnm": "수원시권선구", "adm_cd": "31012570", "dong": "구운동", "gu": "권선구", "old_score": 58, "vuln_score": 55, "support": 52, "blind_spot": 55, "is_fortress": false}, "geometry": {"type": "MultiPolygon", "coordinates": [[[[126.96973333937055, 37.28776517857115], [126.96963557492447, 37.287048149988976], [126.96957726973373, 37.28661526893942], [126.97427822076641, 37.28552216777181], [126.9761375953376, 37.28576783741423], [126.97876685881427, 37.286572649234536], [126.98133813136297, 37.28352261768414], [126.97864279730742, 37.28289106143778], [126.97850628134346, 37.28285892135218], [126.97841016949661, 37.27798761068199], [126.97841671992174, 37.277370141914936], [126.97844670006171, 37.27729032065681], [126.97859347925379, 37.27706561958678], [126.97900974665133, 37.276711403015526], [126.9796351357638, 37.276193609570846], [126.96498569836058, 37.2735645182624], [126.9621145103767, 37.273163233281124], [126.95938198417447, 37.279792930889435], [126.95949933163718, 37.27984599974467], [126.96004391207836, 37.28009225686305], [126.96090742953076, 37.28020999305019], [126.96177126993777, 37.281866846863956], [126.96209876262148, 37.28201672221344], [126.96283312416702, 37.282352786850005], [126.96495759577745, 37.28332464171006], [126.96502969422876, 37.28335614663307], [126.96506440473586, 37.28337137923633], [126.96477877453277, 37.284477521226655], [126.96423641920944, 37.28529992867186], [126.96367889917401, 37.28621323291999], [126.96310691127748, 37.2887798044337], [126.96390502215563, 37.28878116847609], [126.96406353228967, 37.288780759562286], [126.96655279927036, 37.28766639555902], [126.96973333937055, 37.28776517857115]]]]}}, {"type": "Feature", "properties": {"adm_nm": "경기도 수원시권선구 호매실동", "adm_cd2": "4111366400", "sgg": "41113", "sido": "41", "sidonm": "경기도", "sggnm": "수원시권선구", "adm_cd": "31012660", "dong": "호매실동", "gu": "권선구", "old_score": 58, "vuln_score": 55, "support": 52, "blind_spot": 55, "is_fortress": false}, "geometry": {"type": "MultiPolygon", "coordinates": [[[[126.9621145103767, 37.273163233281124], [126.96384846462196, 37.27190577176123], [126.96772751747234, 37.267941356585716], [126.96949018851895, 37.26536905846022], [126.97007772667267, 37.26451086022745], [126.9704406108532, 37.26342980355787], [126.97065354501188, 37.26279541831366], [126.97047040830704, 37.26107943838719], [126.96905653754389, 37.260670859780795], [126.96865886477671, 37.26033471309905], [126.96751014963357, 37.259363655729906], [126.96743676707855, 37.258360507908236], [126.96738067131302, 37.258348816893474], [126.96732637279645, 37.258337494495215], [126.96677954959785, 37.258120952211065], [126.96640681005499, 37.25790071666777], [126.96548318643512, 37.257351177026784], [126.96073711087378, 37.25357760609281], [126.95851838405852, 37.25339396195866], [126.95315457196111, 37.25292517440778], [126.95289591714283, 37.25270236296509], [126.95224433524223, 37.25147262969224], [126.95070776062946, 37.25237208598442], [126.94998261312715, 37.25381883601669], [126.95020289600279, 37.255314981596456], [126.95016144000031, 37.25545488266345], [126.95004611715697, 37.255843884866394], [126.94853066007698, 37.2568306205703], [126.9479191800923, 37.25708128754642], [126.94652972524321, 37.2575040886718], [126.94583803161974, 37.257343668435986], [126.94504228541159, 37.25715910396104], [126.94472660246026, 37.257038820362304], [126.94466205356507, 37.257014225095915], [126.9435877824963, 37.25684242389027], [126.93950404894069, 37.25658882270524], [126.93927682131199, 37.25658873383082], [126.93823103240759, 37.25658840064988], [126.93577695359531, 37.25677165741207], [126.93513238561015, 37.25691731279785], [126.9350934067187, 37.25694529532789], [126.93495025839559, 37.257049399068904], [126.93478405743784, 37.25788126654158], [126.93200388404736, 37.26056086890653], [126.93084573671328, 37.261042058333445], [126.9315637620363, 37.26135785617624], [126.93316818705055, 37.26201588783091], [126.9358090694632, 37.26269700809805], [126.93706004161028, 37.26321499004027], [126.93758338450013, 37.26403167053467], [126.93784636193541, 37.26487063803455], [126.93876450693148, 37.265752755935196], [126.93859036051667, 37.266380748556756], [126.93929827205464, 37.2668603730352], [126.93952022204068, 37.26735924043108], [126.93993128763209, 37.2675975394494], [126.9405568971838, 37.268608395383765], [126.94077605006385, 37.269122632038574], [126.94122098744415, 37.26957940239519], [126.94168893274056, 37.2704645661393], [126.94215814599042, 37.270847146711446], [126.94289601167971, 37.271197048136884], [126.94352632402867, 37.27115794479151], [126.94436358199049, 37.27124559677904], [126.9453176580303, 37.271341521481716], [126.94623323080988, 37.27045926069831], [126.94703303122476, 37.270437604363174], [126.9478354756084, 37.27070004708796], [126.9483958977404, 37.2706520402935], [126.94922956373176, 37.270354278659006], [126.95064761880462, 37.26958117451447], [126.95187635093485, 37.26909149889147], [126.9529062090557, 37.26911655385014], [126.95292926711771, 37.26876129515028], [126.95604468421206, 37.268790540815566], [126.95743169503426, 37.269641083632926], [126.95902916135758, 37.27044524273806], [126.96026445777427, 37.27200057213233], [126.9621145103767, 37.273163233281124]]]]}}, {"type": "Feature", "properties": {"adm_nm": "경기도 수원시권선구 곡선동", "adm_cd2": "4111369000", "sgg": "41113", "sido": "41", "sidonm": "경기도", "sggnm": "수원시권선구", "adm_cd": "31012610", "dong": "곡선동", "gu": "권선구", "old_score": 58, "vuln_score": 55, "support": 52, "blind_spot": 55, "is_fortress": false}, "geometry": {"type": "MultiPolygon", "coordinates": [[[[127.0425353552713, 37.25116137228451], [127.04124395945787, 37.249814417558426], [127.03974442211306, 37.24735679785299], [127.03955699721548, 37.247003397449795], [127.03950490728117, 37.246762071060054], [127.0395146868464, 37.246544646940194], [127.03960807948131, 37.246137127691576], [127.03982174778335, 37.2457661317227], [127.0402062230207, 37.245233547103], [127.04030539778894, 37.245033371146356], [127.04030666486364, 37.24493985604362], [127.04030986041964, 37.24464578740758], [127.04017484384903, 37.24436695659844], [127.03968326246633, 37.24350305425567], [127.03899258254621, 37.24272559231376], [127.03713719682615, 37.240500473312274], [127.0366998915232, 37.238400803242776], [127.03347128481333, 37.23530123909043], [127.02964391368278, 37.23201023832599], [127.02613927796864, 37.230671211121674], [127.02289852640207, 37.22951454847343], [127.02396855255314, 37.22741521171425], [127.02395591418437, 37.2271841771877], [127.02389538090452, 37.22706224486803], [127.02262819268907, 37.224897164093015], [127.02249995487276, 37.224788479118935], [127.02198564328184, 37.22445626661676], [127.02166261785541, 37.22429045688932], [127.02137129523447, 37.22423632268805], [127.01700075811827, 37.22553011688287], [127.01658305488667, 37.225668377559224], [127.0163617237228, 37.225757366051475], [127.01516658782776, 37.22624036225434], [127.01448694841763, 37.226535039991], [127.01403067330385, 37.22671457533093], [127.01359635547969, 37.226875044338954], [127.01188710342387, 37.22721392425406], [127.01157893747612, 37.22725772375252], [127.01127377050783, 37.22727449283948], [127.01069594623098, 37.22729126173028], [127.00986590606117, 37.22730698428197], [127.00809612297202, 37.22784499164046], [127.00368395585323, 37.229291369782516], [127.00317650830355, 37.229863873038404], [127.00295802779466, 37.23046677625825], [127.00294330920686, 37.23050739460644], [127.00300988735844, 37.23283548154152], [127.00549721688044, 37.23430283278393], [127.00681365713443, 37.23502023771199], [127.00964674314704, 37.23656344168411], [127.01060421498421, 37.23657866987952], [127.01092677050134, 37.236512631943924], [127.0117316836966, 37.23634783364164], [127.01269060022722, 37.23615053728906], [127.0128591528956, 37.236115859893154], [127.01390453256457, 37.23648409500988], [127.01561199039874, 37.23712094332362], [127.01599643192465, 37.23783349293377], [127.0176677043282, 37.237843692065866], [127.01933973278702, 37.237853870680006], [127.01971166943966, 37.23704639286621], [127.01980699575103, 37.23683943980606], [127.02005798605069, 37.236307929152176], [127.02013839495517, 37.2361376536327], [127.0208035227705, 37.23480518905139], [127.02128860351378, 37.23386858476483], [127.02136106410924, 37.23390581967588], [127.02345230199013, 37.23499953744967], [127.02434174772927, 37.2355236710369], [127.02512703449104, 37.23602822558741], [127.02567372480053, 37.236380835235295], [127.02598409992828, 37.23666263829523], [127.02649695792078, 37.237130037014744], [127.02664059057713, 37.23726131401386], [127.02681505845031, 37.23747731931175], [127.02687223709512, 37.237548190366816], [127.02718597614549, 37.2379372881284], [127.02783487539432, 37.23896409104686], [127.0290629476307, 37.241260407437316], [127.02965712498992, 37.242037799891975], [127.03040966860634, 37.243251467461754], [127.03043492445144, 37.24329325275124], [127.03156892966369, 37.245235451491304], [127.03244715978465, 37.24678181906036], [127.03344915490356, 37.249072983485476], [127.03348878264846, 37.24916549674857], [127.0342793995722, 37.251016219184415], [127.03506998150024, 37.25286747838009], [127.03695218117522, 37.252393968049205], [127.03946686085655, 37.25417140503255], [127.04039340213848, 37.252449714205135], [127.0425353552713, 37.25116137228451]]]]}}, {"type": "Feature", "properties": {"adm_nm": "경기도 수원시권선구 입북동", "adm_cd2": "4111370000", "sgg": "41113", "sido": "41", "sidonm": "경기도", "sggnm": "수원시권선구", "adm_cd": "31012620", "dong": "입북동", "gu": "권선구", "old_score": 58, "vuln_score": 55, "support": 52, "blind_spot": 55, "is_fortress": false}, "geometry": {"type": "MultiPolygon", "coordinates": [[[[126.9610752166736, 37.3019687121463], [126.9614146731943, 37.302050985596395], [126.96424250277566, 37.30272262512767], [126.96425500176927, 37.30266854354947], [126.96444263920166, 37.30166555579206], [126.96420700322606, 37.30108196825084], [126.9641841177979, 37.30102665471825], [126.96395402620276, 37.300737142050906], [126.96371860197247, 37.30044089844818], [126.96367396132509, 37.29997422858721], [126.9636671837674, 37.29874380497139], [126.96495248046932, 37.296792485928094], [126.96500231494643, 37.29677681974916], [126.96509735883636, 37.29674694470013], [126.9654997523625, 37.296668503112585], [126.96604473509544, 37.29620250306588], [126.96776937973041, 37.294630588677215], [126.96807236175165, 37.294263508540766], [126.96980387421935, 37.28868605123941], [126.9697863456601, 37.28837048670363], [126.96975442743674, 37.28799626742225], [126.96973333937055, 37.28776517857115], [126.96655279927036, 37.28766639555902], [126.96406353228967, 37.288780759562286], [126.96390502215563, 37.28878116847609], [126.96310691127748, 37.2887798044337], [126.96367889917401, 37.28621323291999], [126.96423641920944, 37.28529992867186], [126.96477877453277, 37.284477521226655], [126.96506440473586, 37.28337137923633], [126.96502969422876, 37.28335614663307], [126.96495759577745, 37.28332464171006], [126.96283312416702, 37.282352786850005], [126.96209876262148, 37.28201672221344], [126.96177126993777, 37.281866846863956], [126.96090742953076, 37.28020999305019], [126.96004391207836, 37.28009225686305], [126.95354760269089, 37.28257137221756], [126.95280579060297, 37.282965998648734], [126.94917008774837, 37.28264379137407], [126.9468024793636, 37.28178657155007], [126.9440293894467, 37.28142654464778], [126.94362999463165, 37.28137847191807], [126.94306624273581, 37.28149576861453], [126.94217415364368, 37.28165781109772], [126.94130838001212, 37.28156020890578], [126.94048130371897, 37.27966563969171], [126.94064945606969, 37.27933066704776], [126.9410831072711, 37.278844838639586], [126.94196758889403, 37.27792288744895], [126.94216656618657, 37.277619020540406], [126.94229566275395, 37.2774218622342], [126.94192817046203, 37.27725449282426], [126.94143389774045, 37.2771290228199], [126.94139900674952, 37.27712016878758], [126.94074235055142, 37.27706636515984], [126.93791726674642, 37.27718481277449], [126.936656373341, 37.2772563023929], [126.93409371160682, 37.27742349157398], [126.93389801624926, 37.277540926256506], [126.93373607500504, 37.277638114640006], [126.93347134144217, 37.27781622432865], [126.9333669146818, 37.27788648352853], [126.93327101873552, 37.27794727382562], [126.93308993701122, 37.27806205492146], [126.93205431079892, 37.27824750903497], [126.92903529135279, 37.27873889001526], [126.92739619327676, 37.27884589157925], [126.9276740956169, 37.27946131534192], [126.92777984913435, 37.27992604155174], [126.92807744173993, 37.28233869276924], [126.92913316100072, 37.28556963000726], [126.9292444177354, 37.28588602168962], [126.92929189604779, 37.286021026056744], [126.92959150067992, 37.28621858508163], [126.93139050784282, 37.288419865347464], [126.93244711083011, 37.29015787550357], [126.932813619724, 37.29101809965466], [126.93297761091021, 37.291625149076864], [126.9340660306399, 37.29232329931416], [126.93506600261713, 37.29268863200063], [126.93929325576404, 37.294976846565696], [126.9395459653982, 37.29532169615995], [126.93954221965072, 37.295352100212725], [126.93934230170163, 37.296919565428304], [126.93651750041681, 37.297656554096065], [126.93546680305103, 37.298030129083706], [126.93354843739579, 37.299849649085864], [126.93258957102812, 37.30075996197891], [126.9327648013832, 37.30296558813472], [126.9329532092641, 37.30304784371433], [126.93474649732423, 37.30306543631546], [126.94158757536634, 37.301022473194784], [126.95173755137154, 37.30064712026998], [126.95229328176649, 37.30064969341378], [126.95290695188073, 37.302133881275836], [126.95410094363484, 37.30307291773745], [126.95430209847191, 37.303142571590826], [126.9545090040314, 37.30310972798826], [126.95552890806067, 37.302895838501904], [126.95577073181475, 37.30280793803293], [126.95938638124213, 37.30222959477252], [126.9610752166736, 37.3019687121463]]]]}}, {"type": "Feature", "properties": {"adm_nm": "경기도 수원시권선구 금곡동", "adm_cd2": "4111366200", "sgg": "41113", "sido": "41", "sidonm": "경기도", "sggnm": "수원시권선구", "adm_cd": "31012650", "dong": "금곡동", "gu": "권선구", "old_score": 58, "vuln_score": 55, "support": 52, "blind_spot": 55, "is_fortress": false}, "geometry": {"type": "MultiPolygon", "coordinates": [[[[126.96004391207836, 37.28009225686305], [126.95949933163718, 37.27984599974467], [126.95938198417447, 37.279792930889435], [126.9621145103767, 37.273163233281124], [126.96026445777427, 37.27200057213233], [126.95902916135758, 37.27044524273806], [126.95743169503426, 37.269641083632926], [126.95604468421206, 37.268790540815566], [126.95292926711771, 37.26876129515028], [126.9529062090557, 37.26911655385014], [126.95187635093485, 37.26909149889147], [126.95064761880462, 37.26958117451447], [126.94922956373176, 37.270354278659006], [126.9483958977404, 37.2706520402935], [126.9478354756084, 37.27070004708796], [126.94703303122476, 37.270437604363174], [126.94623323080988, 37.27045926069831], [126.9453176580303, 37.271341521481716], [126.94436358199049, 37.27124559677904], [126.94352632402867, 37.27115794479151], [126.94289601167971, 37.271197048136884], [126.94215814599042, 37.270847146711446], [126.94168893274056, 37.2704645661393], [126.94122098744415, 37.26957940239519], [126.94077605006385, 37.269122632038574], [126.9405568971838, 37.268608395383765], [126.93993128763209, 37.2675975394494], [126.93952022204068, 37.26735924043108], [126.93929827205464, 37.2668603730352], [126.93859036051667, 37.266380748556756], [126.93876450693148, 37.265752755935196], [126.93784636193541, 37.26487063803455], [126.93758338450013, 37.26403167053467], [126.93706004161028, 37.26321499004027], [126.9358090694632, 37.26269700809805], [126.93316818705055, 37.26201588783091], [126.9315637620363, 37.26135785617624], [126.93084573671328, 37.261042058333445], [126.93023300693358, 37.261913460560955], [126.92900819260379, 37.26365626709575], [126.9272646844167, 37.27143133965148], [126.92752712453648, 37.27345284789044], [126.92820360520273, 37.27507740081581], [126.92868182060445, 37.27671912876092], [126.9280206867846, 37.27707543695035], [126.92759353794466, 37.27821377298869], [126.92737455910199, 37.278797346317106], [126.92739619327676, 37.27884589157925], [126.92903529135279, 37.27873889001526], [126.93205431079892, 37.27824750903497], [126.93308993701122, 37.27806205492146], [126.93327101873552, 37.27794727382562], [126.9333669146818, 37.27788648352853], [126.93347134144217, 37.27781622432865], [126.93373607500504, 37.277638114640006], [126.93389801624926, 37.277540926256506], [126.93409371160682, 37.27742349157398], [126.936656373341, 37.2772563023929], [126.93791726674642, 37.27718481277449], [126.94074235055142, 37.27706636515984], [126.94139900674952, 37.27712016878758], [126.94143389774045, 37.2771290228199], [126.94192817046203, 37.27725449282426], [126.94229566275395, 37.2774218622342], [126.94216656618657, 37.277619020540406], [126.94196758889403, 37.27792288744895], [126.9410831072711, 37.278844838639586], [126.94064945606969, 37.27933066704776], [126.94048130371897, 37.27966563969171], [126.94130838001212, 37.28156020890578], [126.94217415364368, 37.28165781109772], [126.94306624273581, 37.28149576861453], [126.94362999463165, 37.28137847191807], [126.9440293894467, 37.28142654464778], [126.9468024793636, 37.28178657155007], [126.94917008774837, 37.28264379137407], [126.95280579060297, 37.282965998648734], [126.95354760269089, 37.28257137221756], [126.96004391207836, 37.28009225686305]]]]}}, {"type": "Feature", "properties": {"adm_nm": "경기도 수원시권선구 권선2동", "adm_cd2": "4111368000", "sgg": "41113", "sido": "41", "sidonm": "경기도", "sggnm": "수원시권선구", "adm_cd": "31012640", "dong": "권선2동", "gu": "권선구", "old_score": 58, "vuln_score": 55, "support": 52, "blind_spot": 55, "is_fortress": false}, "geometry": {"type": "MultiPolygon", "coordinates": [[[[127.03506998150024, 37.25286747838009], [127.0342793995722, 37.251016219184415], [127.03348878264846, 37.24916549674857], [127.03344915490356, 37.249072983485476], [127.03244715978465, 37.24678181906036], [127.03156892966369, 37.245235451491304], [127.03043492445144, 37.24329325275124], [127.03040966860634, 37.243251467461754], [127.02965712498992, 37.242037799891975], [127.0290629476307, 37.241260407437316], [127.02783487539432, 37.23896409104686], [127.02718597614549, 37.2379372881284], [127.02687223709512, 37.237548190366816], [127.02681505845031, 37.23747731931175], [127.02664059057713, 37.23726131401386], [127.02649695792078, 37.237130037014744], [127.02598409992828, 37.23666263829523], [127.02567372480053, 37.236380835235295], [127.02512703449104, 37.23602822558741], [127.02434174772927, 37.2355236710369], [127.02345230199013, 37.23499953744967], [127.02136106410924, 37.23390581967588], [127.02128860351378, 37.23386858476483], [127.0208035227705, 37.23480518905139], [127.02013839495517, 37.2361376536327], [127.02005798605069, 37.236307929152176], [127.01980699575103, 37.23683943980606], [127.01971166943966, 37.23704639286621], [127.01933973278702, 37.237853870680006], [127.0176677043282, 37.237843692065866], [127.01599643192465, 37.23783349293377], [127.0156936941422, 37.239369336957495], [127.01620850851795, 37.24102643447544], [127.01767369675773, 37.24597094145372], [127.01771395597149, 37.24794741772153], [127.01800041858104, 37.248667447860704], [127.01809917552809, 37.248869487699906], [127.01873578581933, 37.250166756955174], [127.02025690065864, 37.253132988262045], [127.02189972228909, 37.25624822235805], [127.03506998150024, 37.25286747838009]]]]}}, {"type": "Feature", "properties": {"adm_nm": "경기도 수원시팔달구 지동", "adm_cd2": "4111570000", "sgg": "41115", "sido": "41", "sidonm": "경기도", "sggnm": "수원시팔달구", "adm_cd": "31013530", "dong": "지동", "gu": "팔달구", "old_score": 99, "vuln_score": 93, "support": 38, "blind_spot": 89, "is_fortress": true}, "geometry": {"type": "MultiPolygon", "coordinates": [[[[127.02510290104524, 37.289508060133016], [127.0252537109414, 37.28950509831293], [127.02542493368547, 37.2892995873542], [127.02561074981573, 37.28901137254719], [127.02868099635457, 37.283554961891866], [127.02881908527, 37.283308981049416], [127.02906029665762, 37.28287930110708], [127.02914300703029, 37.28273090051463], [127.02947346715317, 37.28213098626186], [127.02951384430966, 37.2820506795075], [127.0299639267558, 37.280992223370234], [127.0303488607648, 37.28008672547436], [127.03071875799274, 37.27921609550266], [127.03080286683682, 37.27901749163021], [127.03088976865027, 37.27881227352461], [127.03114602853935, 37.27818907453989], [127.03100422127314, 37.278197166165306], [127.03031101701792, 37.27823421420082], [127.03000206361511, 37.27824876231067], [127.02996335686625, 37.27824860862407], [127.02980545321643, 37.2782457280496], [127.02964969823263, 37.27823834883996], [127.02948480784599, 37.27822529941254], [127.02936154131677, 37.27820678154792], [127.02922351782404, 37.278181444425414], [127.02914178222248, 37.27816007362954], [127.02904901051, 37.278127793487705], [127.02890284583243, 37.278069791395126], [127.02874319615539, 37.27799024083608], [127.02847832828901, 37.277830278733525], [127.02765759499655, 37.27729634888599], [127.02739566536265, 37.277124543670205], [127.0273430459315, 37.277090026585455], [127.02720122517405, 37.27699594076907], [127.02714866919833, 37.27696032415229], [127.02708749810976, 37.27691886812782], [127.02694358562786, 37.27682026668303], [127.02666124354526, 37.27665012696643], [127.026449538919, 37.276571535163136], [127.0263798679579, 37.27655097510443], [127.02617931635073, 37.2764927087719], [127.02536440101632, 37.27625958909197], [127.02289845835755, 37.27557250514581], [127.02201594394832, 37.275330076049016], [127.021867269807, 37.275317081502116], [127.02133441887017, 37.27529915375686], [127.02118076586858, 37.27529402630225], [127.02074377118238, 37.27528211728119], [127.01974140720436, 37.27526115388375], [127.0188268608014, 37.27772838076159], [127.01880505450308, 37.277829698731026], [127.01879177020693, 37.2781471961344], [127.02324700936015, 37.28353512042382], [127.02433470932534, 37.285356791219954], [127.02526400924303, 37.28741616219304], [127.02466343512279, 37.28951624023535], [127.02510290104524, 37.289508060133016]]]]}}, {"type": "Feature", "properties": {"adm_nm": "경기도 수원시팔달구 우만1동", "adm_cd2": "4111571000", "sgg": "41115", "sido": "41", "sidonm": "경기도", "sggnm": "수원시팔달구", "adm_cd": "31013540", "dong": "우만1동", "gu": "팔달구", "old_score": 90, "vuln_score": 81, "support": 44, "blind_spot": 80, "is_fortress": true}, "geometry": {"type": "MultiPolygon", "coordinates": [[[[127.03880513434268, 37.284797001572805], [127.03840962110554, 37.28374428294417], [127.03659801417326, 37.283878830403104], [127.03361906780715, 37.283106743732546], [127.03298786922689, 37.281781642839015], [127.0323844238203, 37.280396462932906], [127.03168570340898, 37.27814050387189], [127.03114602853935, 37.27818907453989], [127.03088976865027, 37.27881227352461], [127.03080286683682, 37.27901749163021], [127.03071875799274, 37.27921609550266], [127.0303488607648, 37.28008672547436], [127.0299639267558, 37.280992223370234], [127.02951384430966, 37.2820506795075], [127.02947346715317, 37.28213098626186], [127.02914300703029, 37.28273090051463], [127.02906029665762, 37.28287930110708], [127.02881908527, 37.283308981049416], [127.02868099635457, 37.283554961891866], [127.02561074981573, 37.28901137254719], [127.02542493368547, 37.2892995873542], [127.0252537109414, 37.28950509831293], [127.02510290104524, 37.289508060133016], [127.0252778527567, 37.28981504362083], [127.02586541085805, 37.290681606778755], [127.0259862844211, 37.29085357141434], [127.02603679005892, 37.290912634457186], [127.02608501882771, 37.290968677718], [127.02633135891466, 37.29115444881281], [127.0265152362168, 37.29129264654674], [127.02660948812053, 37.291330205897665], [127.02691778845254, 37.291449863211156], [127.0271785496544, 37.2915510676582], [127.02726140936184, 37.29157206751089], [127.02734118274633, 37.29159227978523], [127.02820011300867, 37.29180527993122], [127.03069125399304, 37.29237063662417], [127.03107117575036, 37.29243302594224], [127.03115210015031, 37.29243896939974], [127.03164407983192, 37.29247246586461], [127.03187596873181, 37.29248803082316], [127.03210244970751, 37.292504213936425], [127.0323933125933, 37.29252500470348], [127.03282959976134, 37.292564331745105], [127.03301584942118, 37.292599010386326], [127.03318720528166, 37.292655459865394], [127.03335917351993, 37.292716923241116], [127.03342144938905, 37.2927465225267], [127.03355408371726, 37.29285070518749], [127.03382332962624, 37.29309852155089], [127.03393198638591, 37.293201483507204], [127.03573263579355, 37.29336517685684], [127.03826149275932, 37.2929863447301], [127.03933105388141, 37.2924316502837], [127.04322176615761, 37.290372381986764], [127.04294936222632, 37.28936292078916], [127.04274002664644, 37.289178725143664], [127.04246190161949, 37.28893400523698], [127.0423882753471, 37.288867243009555], [127.03884968001118, 37.28565128427378], [127.03880513434268, 37.284797001572805]]]]}}, {"type": "Feature", "properties": {"adm_nm": "경기도 수원시팔달구 우만2동", "adm_cd2": "4111572000", "sgg": "41115", "sido": "41", "sidonm": "경기도", "sggnm": "수원시팔달구", "adm_cd": "31013550", "dong": "우만2동", "gu": "팔달구", "old_score": 88, "vuln_score": 82, "support": 42, "blind_spot": 80, "is_fortress": false}, "geometry": {"type": "MultiPolygon", "coordinates": [[[[127.04407293717225, 37.28542697885888], [127.04352053222296, 37.285155626640474], [127.0417838318746, 37.284126963453836], [127.04172577298739, 37.28406373139534], [127.04183391949397, 37.28365618004116], [127.04325490545217, 37.27999075141534], [127.04375559105836, 37.27915438615593], [127.04405384082548, 37.274707160443825], [127.04159442951445, 37.27548074779788], [127.04036470307629, 37.275866936235275], [127.03850413406388, 37.2764647809979], [127.03789737130818, 37.276656213468804], [127.03764031228664, 37.27672844700195], [127.03580699798098, 37.27724182660399], [127.03367075329987, 37.27783060310163], [127.03318031003435, 37.27794168665047], [127.03300655864366, 37.277971630650974], [127.03264865878707, 37.278032765829245], [127.03241647518463, 37.278070158120826], [127.03203695440195, 37.27810696759769], [127.03168570340898, 37.27814050387189], [127.0323844238203, 37.280396462932906], [127.03298786922689, 37.281781642839015], [127.03361906780715, 37.283106743732546], [127.03659801417326, 37.283878830403104], [127.03840962110554, 37.28374428294417], [127.03880513434268, 37.284797001572805], [127.03994618882074, 37.285441502123156], [127.04061575313285, 37.28571564681513], [127.04079110542132, 37.28575125615083], [127.04296115180505, 37.28589711629705], [127.04338295604306, 37.285869449877325], [127.04407293717225, 37.28542697885888]]]]}}, {"type": "Feature", "properties": {"adm_nm": "경기도 수원시팔달구 인계동", "adm_cd2": "4111573000", "sgg": "41115", "sido": "41", "sidonm": "경기도", "sggnm": "수원시팔달구", "adm_cd": "31013560", "dong": "인계동", "gu": "팔달구", "old_score": 78, "vuln_score": 70, "support": 55, "blind_spot": 68, "is_fortress": true}, "geometry": {"type": "MultiPolygon", "coordinates": [[[[127.03114602853935, 37.27818907453989], [127.03168570340898, 37.27814050387189], [127.03203695440195, 37.27810696759769], [127.03241647518463, 37.278070158120826], [127.03264865878707, 37.278032765829245], [127.03300655864366, 37.277971630650974], [127.03318031003435, 37.27794168665047], [127.03367075329987, 37.27783060310163], [127.03580699798098, 37.27724182660399], [127.03764031228664, 37.27672844700195], [127.03789737130818, 37.276656213468804], [127.03850413406388, 37.2764647809979], [127.04036470307629, 37.275866936235275], [127.04018609477644, 37.27544486385062], [127.03886695983665, 37.27523353898762], [127.03859150646764, 37.275200916913526], [127.03788320599263, 37.27514091558949], [127.03699343257696, 37.27506735554131], [127.03730361936798, 37.273470762255315], [127.03773433362981, 37.271959317108994], [127.03833455225924, 37.26946135509624], [127.038246115203, 37.26942163729845], [127.03747207087582, 37.269082846412104], [127.0347941758409, 37.26793779614611], [127.03586657318226, 37.26638928151273], [127.03593665059526, 37.266373754778634], [127.03689570913538, 37.266161202578964], [127.04022964777499, 37.265385476641], [127.04040862083214, 37.265283700093846], [127.03667421739159, 37.25652104110118], [127.03340802748646, 37.25740069575213], [127.03290005090116, 37.25753830999261], [127.03237550099509, 37.25768046272054], [127.03046150805054, 37.25820133095293], [127.03069742920371, 37.258800568429095], [127.03104023289437, 37.2596683929767], [127.03155930768014, 37.26098310456222], [127.03158850045514, 37.261057445438645], [127.03147358975706, 37.26133423823912], [127.03134727289749, 37.26154154229445], [127.02934928316769, 37.26228249007329], [127.02608889268416, 37.26313707472398], [127.02307626652464, 37.263906961259046], [127.02067671924755, 37.264501184152486], [127.01931941499154, 37.265786963234845], [127.01914519825365, 37.26614001590399], [127.01898579781336, 37.26678254890457], [127.01879492124874, 37.2681261657835], [127.01879442079502, 37.26831646595076], [127.01887399377364, 37.27032250587551], [127.01821455528597, 37.27225443794452], [127.01974140720436, 37.27526115388375], [127.02074377118238, 37.27528211728119], [127.02118076586858, 37.27529402630225], [127.02133441887017, 37.27529915375686], [127.021867269807, 37.275317081502116], [127.02201594394832, 37.275330076049016], [127.02289845835755, 37.27557250514581], [127.02536440101632, 37.27625958909197], [127.02617931635073, 37.2764927087719], [127.0263798679579, 37.27655097510443], [127.026449538919, 37.276571535163136], [127.02666124354526, 37.27665012696643], [127.02694358562786, 37.27682026668303], [127.02708749810976, 37.27691886812782], [127.02714866919833, 37.27696032415229], [127.02720122517405, 37.27699594076907], [127.0273430459315, 37.277090026585455], [127.02739566536265, 37.277124543670205], [127.02765759499655, 37.27729634888599], [127.02847832828901, 37.277830278733525], [127.02874319615539, 37.27799024083608], [127.02890284583243, 37.278069791395126], [127.02904901051, 37.278127793487705], [127.02914178222248, 37.27816007362954], [127.02922351782404, 37.278181444425414], [127.02936154131677, 37.27820678154792], [127.02948480784599, 37.27822529941254], [127.02964969823263, 37.27823834883996], [127.02980545321643, 37.2782457280496], [127.02996335686625, 37.27824860862407], [127.03000206361511, 37.27824876231067], [127.03031101701792, 37.27823421420082], [127.03100422127314, 37.278197166165306], [127.03114602853935, 37.27818907453989]]]]}}, {"type": "Feature", "properties": {"adm_nm": "경기도 수원시팔달구 매교동", "adm_cd2": "4111565000", "sgg": "41115", "sido": "41", "sidonm": "경기도", "sggnm": "수원시팔달구", "adm_cd": "31013670", "dong": "매교동", "gu": "팔달구", "old_score": 88, "vuln_score": 79, "support": 45, "blind_spot": 78, "is_fortress": true}, "geometry": {"type": "MultiPolygon", "coordinates": [[[[127.01821455528597, 37.27225443794452], [127.01887399377364, 37.27032250587551], [127.01879442079502, 37.26831646595076], [127.01879492124874, 37.2681261657835], [127.01898579781336, 37.26678254890457], [127.01914519825365, 37.26614001590399], [127.01931941499154, 37.265786963234845], [127.02067671924755, 37.264501184152486], [127.02002713819212, 37.26456728105928], [127.01674301105608, 37.264692510611525], [127.01506747497584, 37.26425749732039], [127.01358428967959, 37.26449591871563], [127.01219316316816, 37.26630088771367], [127.00981322291359, 37.267647618595745], [127.01049297755426, 37.26891802981362], [127.01083691262384, 37.26958197534147], [127.01124959400741, 37.270401757031344], [127.01150435734331, 37.27112723997431], [127.01170796239502, 37.272128625907726], [127.01177861703475, 37.27385057709098], [127.01563397776978, 37.274619915443324], [127.01563404405462, 37.274185282289736], [127.01565592843463, 37.27408811247842], [127.01607474539937, 37.272643378530745], [127.01667334804802, 37.27183572872533], [127.0170665918096, 37.271473435838374], [127.01734318872653, 37.27128089867509], [127.0175306786163, 37.271150770748456], [127.01821455528597, 37.27225443794452]]]]}}, {"type": "Feature", "properties": {"adm_nm": "경기도 수원시팔달구 매산동", "adm_cd2": "4111566000", "sgg": "41115", "sido": "41", "sidonm": "경기도", "sggnm": "수원시팔달구", "adm_cd": "31013680", "dong": "매산동", "gu": "팔달구", "old_score": 93, "vuln_score": 83, "support": 46, "blind_spot": 81, "is_fortress": true}, "geometry": {"type": "MultiPolygon", "coordinates": [[[[127.01177861703475, 37.27385057709098], [127.01170796239502, 37.272128625907726], [127.01150435734331, 37.27112723997431], [127.01124959400741, 37.270401757031344], [127.01083691262384, 37.26958197534147], [127.01049297755426, 37.26891802981362], [127.00981322291359, 37.267647618595745], [127.00970968248781, 37.26719763434316], [127.00960457307993, 37.266993258750304], [127.00718916086723, 37.26359624259576], [127.00710388920699, 37.263604793391146], [127.00681179565063, 37.26363523392602], [127.00625174681676, 37.26369374368184], [127.00598230222091, 37.263721914969864], [127.00524732351263, 37.26379884452322], [127.00505649068056, 37.26381932879814], [127.00219653909623, 37.26411908507831], [127.00208451649952, 37.26413081887137], [127.00191238613043, 37.264148798740834], [127.00102287396122, 37.26339576972796], [127.00038968820422, 37.264178405176224], [127.00004877907965, 37.264136437604655], [126.99889279194065, 37.26583743720757], [126.9986698127897, 37.266192543483314], [126.99743132393749, 37.269899946385955], [126.99853258806246, 37.26966570405169], [127.00039367639509, 37.270412692159645], [127.00391132607085, 37.26974920957733], [127.00433978675524, 37.269663118449145], [127.00442099937639, 37.26953499194278], [127.00450218892726, 37.269406901336225], [127.00777287407172, 37.27072078117917], [127.00874686353384, 37.272393553491064], [127.0077892944559, 37.27340046505423], [127.0078408890036, 37.27381849743819], [127.00823591553801, 37.27627417909697], [127.00856936021447, 37.276275563815666], [127.00898121580194, 37.27625361132135], [127.00909104888856, 37.27625162407269], [127.01009593791007, 37.27623344152662], [127.01022705334744, 37.27634327784998], [127.01068702501321, 37.27673052058704], [127.01077131320834, 37.27688749031751], [127.01076814138945, 37.27737758200681], [127.01070616377939, 37.27758579975104], [127.01198270365016, 37.276388269871475], [127.01177861703475, 37.27385057709098]]]]}}, {"type": "Feature", "properties": {"adm_nm": "경기도 수원시팔달구 고등동", "adm_cd2": "4111567000", "sgg": "41115", "sido": "41", "sidonm": "경기도", "sggnm": "수원시팔달구", "adm_cd": "31013690", "dong": "고등동", "gu": "팔달구", "old_score": 84, "vuln_score": 75, "support": 50, "blind_spot": 74, "is_fortress": true}, "geometry": {"type": "MultiPolygon", "coordinates": [[[[127.00993391004774, 37.279353843438955], [127.01070616377939, 37.27758579975104], [127.01076814138945, 37.27737758200681], [127.01077131320834, 37.27688749031751], [127.01068702501321, 37.27673052058704], [127.01022705334744, 37.27634327784998], [127.01009593791007, 37.27623344152662], [127.00909104888856, 37.27625162407269], [127.00898121580194, 37.27625361132135], [127.00856936021447, 37.276275563815666], [127.00823591553801, 37.27627417909697], [127.0078408890036, 37.27381849743819], [127.0077892944559, 37.27340046505423], [127.00874686353384, 37.272393553491064], [127.00777287407172, 37.27072078117917], [127.00450218892726, 37.269406901336225], [127.00442099937639, 37.26953499194278], [127.00433978675524, 37.269663118449145], [127.00391132607085, 37.26974920957733], [127.00039367639509, 37.270412692159645], [126.99853258806246, 37.26966570405169], [126.99743132393749, 37.269899946385955], [126.99539459598233, 37.27361946027393], [126.99596167754204, 37.27506539194954], [126.99662831829491, 37.27605750579892], [126.99789747192266, 37.276562041293154], [126.99797133105363, 37.276586016072656], [127.00153643695684, 37.277233182509235], [127.00284221044838, 37.277215012145504], [127.00324123492541, 37.27721556054875], [127.00327428199977, 37.27721569922319], [127.00435500519431, 37.2788000259557], [127.00806281318688, 37.279690861011304], [127.00993391004774, 37.279353843438955]]]]}}, {"type": "Feature", "properties": {"adm_nm": "경기도 수원시팔달구 화서1동", "adm_cd2": "4111568000", "sgg": "41115", "sido": "41", "sidonm": "경기도", "sggnm": "수원시팔달구", "adm_cd": "31013700", "dong": "화서1동", "gu": "팔달구", "old_score": 86, "vuln_score": 77, "support": 48, "blind_spot": 76, "is_fortress": true}, "geometry": {"type": "MultiPolygon", "coordinates": [[[[127.00920787956647, 37.285520867887655], [127.00821037812003, 37.28432467377737], [127.00816035201866, 37.28377006103715], [127.00873856669712, 37.2825657251037], [127.0087835968872, 37.28247239266217], [127.00926822934292, 37.28188849860059], [127.00950245985292, 37.28165744231987], [127.0096492690162, 37.28151262010858], [127.00988172783055, 37.281109083516434], [127.00994136725625, 37.28071947870521], [127.01003854096476, 37.28006459647599], [127.00993391004774, 37.279353843438955], [127.00806281318688, 37.279690861011304], [127.00435500519431, 37.2788000259557], [127.00327428199977, 37.27721569922319], [127.00324123492541, 37.27721556054875], [127.00284221044838, 37.277215012145504], [127.00153643695684, 37.277233182509235], [126.99797133105363, 37.276586016072656], [126.99789747192266, 37.276562041293154], [126.99662831829491, 37.27605750579892], [126.99596167754204, 37.27506539194954], [126.99539459598233, 37.27361946027393], [126.99313963695145, 37.27737439111898], [126.9923679840143, 37.27943193305977], [126.9926758261385, 37.28020618640741], [126.9971891075819, 37.28291055107963], [126.99996783928735, 37.2822450214315], [126.99999764858714, 37.282215171601656], [127.00009001349038, 37.28212754992474], [127.00030982065478, 37.282127071847064], [127.00051639961671, 37.28213281122349], [127.00059671458192, 37.282135043016034], [127.00074613475729, 37.282142433748454], [127.002704650067, 37.28301375961054], [127.00485092333976, 37.284398504542125], [127.00502350969082, 37.28452539850677], [127.00511632343157, 37.28479515362727], [127.0051685185937, 37.28500312432139], [127.00525950351373, 37.28660075396561], [127.006088315687, 37.28588984180126], [127.00920787956647, 37.285520867887655]]]]}}, {"type": "Feature", "properties": {"adm_nm": "경기도 수원시팔달구 화서2동", "adm_cd2": "4111569000", "sgg": "41115", "sido": "41", "sidonm": "경기도", "sggnm": "수원시팔달구", "adm_cd": "31013710", "dong": "화서2동", "gu": "팔달구", "old_score": 82, "vuln_score": 73, "support": 50, "blind_spot": 72, "is_fortress": true}, "geometry": {"type": "MultiPolygon", "coordinates": [[[[126.98612771298066, 37.28941155338559], [126.9879397848043, 37.289816048479935], [126.98821565146882, 37.28970791753093], [126.98841815457678, 37.28958372520589], [126.98853352835445, 37.289457803977754], [126.98856519332631, 37.28942323731871], [126.98898853875379, 37.28875803773084], [126.99036813592735, 37.286500371315896], [126.99054217648388, 37.28620366281203], [126.9919664058757, 37.28673371612161], [126.99275687937619, 37.287037945061456], [126.9930895166813, 37.28716669137132], [126.99331912830162, 37.28725743486652], [126.99864825117264, 37.28910807330247], [127.00064414960288, 37.289778988611694], [127.00525950351373, 37.28660075396561], [127.0051685185937, 37.28500312432139], [127.00511632343157, 37.28479515362727], [127.00502350969082, 37.28452539850677], [127.00485092333976, 37.284398504542125], [127.002704650067, 37.28301375961054], [127.00074613475729, 37.282142433748454], [127.00059671458192, 37.282135043016034], [127.00051639961671, 37.28213281122349], [127.00030982065478, 37.282127071847064], [127.00009001349038, 37.28212754992474], [126.99999764858714, 37.282215171601656], [126.99996783928735, 37.2822450214315], [126.9971891075819, 37.28291055107963], [126.9926758261385, 37.28020618640741], [126.9923679840143, 37.27943193305977], [126.99313963695145, 37.27737439111898], [126.98692527047069, 37.27475615424428], [126.98676375785739, 37.27476784824608], [126.98654086276217, 37.27478603623832], [126.9864558678999, 37.27479315811361], [126.98633630399424, 37.274803176636254], [126.98586938206842, 37.27493973859734], [126.98582667079633, 37.27541503698142], [126.98567947255435, 37.27746731568875], [126.98578356585274, 37.27760635675685], [126.98594412495198, 37.27784028899211], [126.98643822254046, 37.27889480737005], [126.98659369307768, 37.27930730914721], [126.98663558873096, 37.27941847006465], [126.98665999678906, 37.27956167167863], [126.98661026366055, 37.28210901070926], [126.98655192260448, 37.28229128918376], [126.98645928972208, 37.28243510977354], [126.98611896885045, 37.28281897712277], [126.98386280760427, 37.2842536933016], [126.98228148053454, 37.28389125503513], [126.98133813136297, 37.28352261768414], [126.97876685881427, 37.286572649234536], [126.97759353356714, 37.28842660961371], [126.97896260314462, 37.28897122405586], [126.97925583687069, 37.28908744159655], [126.9798212827606, 37.28929950086712], [126.98046900475049, 37.28954346721326], [126.98104711047057, 37.28976120988076], [126.98153044758521, 37.2899434345628], [126.98294797568282, 37.29050078056147], [126.98328059571368, 37.29063180775639], [126.98364301246365, 37.29078430889758], [126.98367295098024, 37.2907969183285], [126.98373191506643, 37.290832082715276], [126.98437008242135, 37.29133621879853], [126.98612771298066, 37.28941155338559]]]]}}, {"type": "Feature", "properties": {"adm_nm": "경기도 수원시팔달구 행궁동", "adm_cd2": "4111574000", "sgg": "41115", "sido": "41", "sidonm": "경기도", "sggnm": "수원시팔달구", "adm_cd": "31013720", "dong": "행궁동", "gu": "팔달구", "old_score": 97, "vuln_score": 87, "support": 44, "blind_spot": 85, "is_fortress": true}, "geometry": {"type": "MultiPolygon", "coordinates": [[[[127.01974140720436, 37.27526115388375], [127.01821455528597, 37.27225443794452], [127.0175306786163, 37.271150770748456], [127.01734318872653, 37.27128089867509], [127.0170665918096, 37.271473435838374], [127.01667334804802, 37.27183572872533], [127.01607474539937, 37.272643378530745], [127.01565592843463, 37.27408811247842], [127.01563404405462, 37.274185282289736], [127.01563397776978, 37.274619915443324], [127.01177861703475, 37.27385057709098], [127.01198270365016, 37.276388269871475], [127.01070616377939, 37.27758579975104], [127.00993391004774, 37.279353843438955], [127.01003854096476, 37.28006459647599], [127.00994136725625, 37.28071947870521], [127.00988172783055, 37.281109083516434], [127.0096492690162, 37.28151262010858], [127.00950245985292, 37.28165744231987], [127.00926822934292, 37.28188849860059], [127.0087835968872, 37.28247239266217], [127.00873856669712, 37.2825657251037], [127.00816035201866, 37.28377006103715], [127.00821037812003, 37.28432467377737], [127.00920787956647, 37.285520867887655], [127.01091672001455, 37.286338051315305], [127.01133766685213, 37.28655499686942], [127.01210095355934, 37.28704038944708], [127.01229180246969, 37.28716955379077], [127.01260285497108, 37.287381073522724], [127.01281700848644, 37.28752670943761], [127.01287156122396, 37.28759566497641], [127.01296563919989, 37.28771619843596], [127.01353019278416, 37.288570748532365], [127.01381360106102, 37.289036294806145], [127.01399756696821, 37.28911916335478], [127.01412985098682, 37.28917827066175], [127.01481031867287, 37.28944697115501], [127.01650457778135, 37.288639272580035], [127.01693663340579, 37.28833119632776], [127.01761461509767, 37.2878335985725], [127.01804337444155, 37.28747011252365], [127.01870272173116, 37.28714741680899], [127.02018769788465, 37.28725034516819], [127.02049279563435, 37.2872820034656], [127.02099809523705, 37.28743277885084], [127.0212621517747, 37.28751255657427], [127.02130007474985, 37.287524093613186], [127.02147663967679, 37.287577809326194], [127.0219895353188, 37.28781959756652], [127.02251567320283, 37.28806762955775], [127.02254385703353, 37.28810830582705], [127.02258066046996, 37.28816141097781], [127.02270105779257, 37.2883328362523], [127.02273859268486, 37.28838626880279], [127.02275815836012, 37.28841253308959], [127.02284975615709, 37.28853544642506], [127.02294534549496, 37.28866232386621], [127.02297492637727, 37.288701581463705], [127.02376955494341, 37.28926477014381], [127.02439216548541, 37.289488114224575], [127.02466343512279, 37.28951624023535], [127.02526400924303, 37.28741616219304], [127.02433470932534, 37.285356791219954], [127.02324700936015, 37.28353512042382], [127.01879177020693, 37.2781471961344], [127.01880505450308, 37.277829698731026], [127.0188268608014, 37.27772838076159], [127.01974140720436, 37.27526115388375]]]]}}, {"type": "Feature", "properties": {"adm_nm": "경기도 수원시영통구 매탄1동", "adm_cd2": "4111751000", "sgg": "41117", "sido": "41", "sidonm": "경기도", "sggnm": "수원시영통구", "adm_cd": "31014510", "dong": "매탄1동", "gu": "영통구", "old_score": 18, "vuln_score": 22, "support": 80, "blind_spot": 20, "is_fortress": false}, "geometry": {"type": "MultiPolygon", "coordinates": [[[[127.04405384082548, 37.274707160443825], [127.04798617070318, 37.273521151638114], [127.04335362054294, 37.271493309709236], [127.04317903151659, 37.27119736653324], [127.04290898528227, 37.27073886674388], [127.04285510821542, 37.2706208915844], [127.04279560544761, 37.27049059244662], [127.04040862083214, 37.265283700093846], [127.04022964777499, 37.265385476641], [127.03689570913538, 37.266161202578964], [127.03593665059526, 37.266373754778634], [127.03586657318226, 37.26638928151273], [127.0347941758409, 37.26793779614611], [127.03747207087582, 37.269082846412104], [127.038246115203, 37.26942163729845], [127.03833455225924, 37.26946135509624], [127.03773433362981, 37.271959317108994], [127.03730361936798, 37.273470762255315], [127.03699343257696, 37.27506735554131], [127.03788320599263, 37.27514091558949], [127.03859150646764, 37.275200916913526], [127.03886695983665, 37.27523353898762], [127.04018609477644, 37.27544486385062], [127.04036470307629, 37.275866936235275], [127.04159442951445, 37.27548074779788], [127.04405384082548, 37.274707160443825]]]]}}, {"type": "Feature", "properties": {"adm_nm": "경기도 수원시영통구 매탄2동", "adm_cd2": "4111752000", "sgg": "41117", "sido": "41", "sidonm": "경기도", "sggnm": "수원시영통구", "adm_cd": "31014520", "dong": "매탄2동", "gu": "영통구", "old_score": 18, "vuln_score": 22, "support": 80, "blind_spot": 20, "is_fortress": false}, "geometry": {"type": "MultiPolygon", "coordinates": [[[[127.0554243963517, 37.26715277796769], [127.05514643019755, 37.26719004580915], [127.05392243809459, 37.26747614010461], [127.05346356003206, 37.26759271827532], [127.04928979660006, 37.26865744891903], [127.04922907991063, 37.268674118897025], [127.04279560544761, 37.27049059244662], [127.04285510821542, 37.2706208915844], [127.04290898528227, 37.27073886674388], [127.04317903151659, 37.27119736653324], [127.04335362054294, 37.271493309709236], [127.04798617070318, 37.273521151638114], [127.0487831169371, 37.273449845857016], [127.05175787906815, 37.273386744945604], [127.05288275795675, 37.27319269038172], [127.05315600622406, 37.27311597957195], [127.05836288737078, 37.271168108676164], [127.0583064540559, 37.26863731116152], [127.05794600093061, 37.26844896422668], [127.05737184365574, 37.26814935866205], [127.05702818569543, 37.267970047812376], [127.0554243963517, 37.26715277796769]]]]}}, {"type": "Feature", "properties": {"adm_nm": "경기도 수원시영통구 매탄3동", "adm_cd2": "4111753000", "sgg": "41117", "sido": "41", "sidonm": "경기도", "sggnm": "수원시영통구", "adm_cd": "31014530", "dong": "매탄3동", "gu": "영통구", "old_score": 18, "vuln_score": 22, "support": 80, "blind_spot": 20, "is_fortress": false}, "geometry": {"type": "MultiPolygon", "coordinates": [[[[127.06155053215493, 37.26450175228054], [127.06066164136624, 37.26245239975031], [127.06046836191774, 37.26150747017282], [127.06008713726287, 37.257747204947854], [127.06154099907847, 37.25727601141536], [127.06164339711484, 37.25724437296178], [127.06195547098135, 37.25714796978848], [127.0620752732635, 37.2571506664505], [127.06251088209693, 37.25716402202359], [127.06266016284032, 37.2571686027645], [127.06299512206516, 37.257266764925575], [127.06474574215918, 37.25618024447091], [127.06168761707531, 37.25301632685337], [127.06162736045306, 37.25295525946247], [127.06000164169534, 37.25226306052331], [127.0597374225724, 37.252622097375486], [127.05927599107363, 37.25201803371328], [127.05804825693414, 37.25237699018373], [127.05741966425997, 37.25221170120549], [127.05754108381203, 37.251863196147475], [127.05788798814628, 37.25177206085847], [127.05816512670127, 37.25152130889768], [127.05825188588973, 37.25107794856232], [127.05814352547414, 37.25092881366237], [127.05615637964162, 37.25030335377578], [127.0563847305191, 37.24907887932777], [127.05608479066319, 37.24903155860563], [127.05321984642546, 37.248588112450086], [127.05309497306618, 37.24861017615894], [127.05041993939116, 37.249372517724716], [127.04973375698786, 37.24827296099328], [127.04795600917768, 37.24842898179831], [127.04822647456041, 37.24970508938609], [127.04748343970752, 37.250209373705964], [127.04690622531822, 37.249222285259464], [127.0465241474751, 37.24939330770745], [127.04685662304554, 37.250388006868576], [127.0458549032456, 37.25097685752048], [127.04514400491665, 37.250047159911134], [127.04262323978682, 37.24675055836817], [127.04126982583753, 37.24726997326982], [127.04109033038665, 37.24737441676272], [127.0406852284471, 37.24723988994865], [127.04042661129985, 37.24700449520929], [127.0404252603346, 37.24669222783696], [127.04042368328864, 37.24632621013356], [127.0408415812791, 37.245852407157955], [127.04103544175972, 37.2450373306478], [127.04099612791059, 37.244432132977565], [127.04084753133411, 37.2437695927672], [127.04053926895138, 37.243423030041775], [127.04028628719378, 37.24330712083681], [127.04000184904987, 37.24326545333831], [127.03968326246633, 37.24350305425567], [127.04017484384903, 37.24436695659844], [127.04030986041964, 37.24464578740758], [127.04030666486364, 37.24493985604362], [127.04030539778894, 37.245033371146356], [127.0402062230207, 37.245233547103], [127.03982174778335, 37.2457661317227], [127.03960807948131, 37.246137127691576], [127.0395146868464, 37.246544646940194], [127.03950490728117, 37.246762071060054], [127.03955699721548, 37.247003397449795], [127.03974442211306, 37.24735679785299], [127.04124395945787, 37.249814417558426], [127.0425353552713, 37.25116137228451], [127.04039340213848, 37.252449714205135], [127.03946686085655, 37.25417140503255], [127.03667421739159, 37.25652104110118], [127.04040862083214, 37.265283700093846], [127.04485193090238, 37.26427546659654], [127.04596221367551, 37.26402283217328], [127.04622343048807, 37.26395397553578], [127.04714899594559, 37.26370850902093], [127.04835909718784, 37.26338749971672], [127.04952181616478, 37.263078697315564], [127.05141185953464, 37.265524147824316], [127.05198679201231, 37.26568744924053], [127.05549439908181, 37.26387534525219], [127.05661928208357, 37.26329140270243], [127.05758011758564, 37.262791342298485], [127.05966555684564, 37.261706291635114], [127.060486468502, 37.26275822416024], [127.06155053215493, 37.26450175228054]]]]}}, {"type": "Feature", "properties": {"adm_nm": "경기도 수원시영통구 매탄4동", "adm_cd2": "4111754000", "sgg": "41117", "sido": "41", "sidonm": "경기도", "sggnm": "수원시영통구", "adm_cd": "31014540", "dong": "매탄4동", "gu": "영통구", "old_score": 18, "vuln_score": 22, "support": 80, "blind_spot": 20, "is_fortress": false}, "geometry": {"type": "MultiPolygon", "coordinates": [[[[127.0554243963517, 37.26715277796769], [127.05905294209707, 37.266130377578925], [127.06155053215493, 37.26450175228054], [127.060486468502, 37.26275822416024], [127.05966555684564, 37.261706291635114], [127.05758011758564, 37.262791342298485], [127.05661928208357, 37.26329140270243], [127.05549439908181, 37.26387534525219], [127.05198679201231, 37.26568744924053], [127.05141185953464, 37.265524147824316], [127.04952181616478, 37.263078697315564], [127.04835909718784, 37.26338749971672], [127.04714899594559, 37.26370850902093], [127.04622343048807, 37.26395397553578], [127.04596221367551, 37.26402283217328], [127.04485193090238, 37.26427546659654], [127.04040862083214, 37.265283700093846], [127.04279560544761, 37.27049059244662], [127.04922907991063, 37.268674118897025], [127.04928979660006, 37.26865744891903], [127.05346356003206, 37.26759271827532], [127.05392243809459, 37.26747614010461], [127.05514643019755, 37.26719004580915], [127.0554243963517, 37.26715277796769]]]]}}, {"type": "Feature", "properties": {"adm_nm": "경기도 수원시영통구 영통1동", "adm_cd2": "4111757000", "sgg": "41117", "sido": "41", "sidonm": "경기도", "sggnm": "수원시영통구", "adm_cd": "31014640", "dong": "영통1동", "gu": "영통구", "old_score": 22, "vuln_score": 25, "support": 78, "blind_spot": 23, "is_fortress": false}, "geometry": {"type": "MultiPolygon", "coordinates": [[[[127.08336115172489, 37.254743006546995], [127.08243871904678, 37.25445083748968], [127.08077317145397, 37.25461742279751], [127.08073906774412, 37.25416097667385], [127.08005529034543, 37.253187565098656], [127.0758575347096, 37.25582508378874], [127.07338601125392, 37.25728773526399], [127.07271268937612, 37.25757826128905], [127.0721119886034, 37.25761327455339], [127.07191480786254, 37.25757766871906], [127.07166101990953, 37.25753051820745], [127.07145323660902, 37.25746252211164], [127.07128006929035, 37.257406324089075], [127.07003539953409, 37.25715279977698], [127.06578842477523, 37.25711476604373], [127.0652963530799, 37.258115764282344], [127.06522891349881, 37.258311603774686], [127.06565392565474, 37.25845400510719], [127.0676729577992, 37.259479941289015], [127.06774743509602, 37.25955461448496], [127.06805979943465, 37.25986781793042], [127.0705865776977, 37.26298458288273], [127.07071592134835, 37.26329490592951], [127.0708583187278, 37.263666122169525], [127.0708920037222, 37.266548456282656], [127.07359844429799, 37.26611429756931], [127.0748875786492, 37.26450543590208], [127.07486785940407, 37.263499180855966], [127.07492375888683, 37.263084739337266], [127.0752147528115, 37.26235340019837], [127.07590037849853, 37.26150967228793], [127.07647290275483, 37.26144231418761], [127.0769008525062, 37.261392114039026], [127.07758613837004, 37.26243624898209], [127.07767658521898, 37.26277572292484], [127.07768238846303, 37.26287151698375], [127.07767701345156, 37.262951496732335], [127.07765173246476, 37.26329997558491], [127.07763498298148, 37.26353052002851], [127.0766764906823, 37.26489272983104], [127.07599161853601, 37.26572740626982], [127.07760851655785, 37.265695905998705], [127.07750912918324, 37.266983789333366], [127.07905050134846, 37.26730900229016], [127.08552868391035, 37.270508152007324], [127.08569658311126, 37.267442949856715], [127.08605372794734, 37.266025546102], [127.08620366981569, 37.264773130473046], [127.08450719535058, 37.262820195267864], [127.0841511220123, 37.262452730248114], [127.08351741971418, 37.262305989940764], [127.08284175262358, 37.262149536375986], [127.08122497149147, 37.260592298820555], [127.08105293178278, 37.25996747379677], [127.08104349103803, 37.259253082440985], [127.08104842260938, 37.2584970540441], [127.08377901077125, 37.25847288226469], [127.08469846603053, 37.256609091726304], [127.08463305053017, 37.2563271746401], [127.08336115172489, 37.254743006546995]]]]}}, {"type": "Feature", "properties": {"adm_nm": "경기도 수원시영통구 영통2동", "adm_cd2": "4111758000", "sgg": "41117", "sido": "41", "sidonm": "경기도", "sggnm": "수원시영통구", "adm_cd": "31014650", "dong": "영통2동", "gu": "영통구", "old_score": 18, "vuln_score": 22, "support": 80, "blind_spot": 20, "is_fortress": false}, "geometry": {"type": "MultiPolygon", "coordinates": [[[[127.06676134835496, 37.246690858674604], [127.06517375183277, 37.245042484975855], [127.06488506584935, 37.24465864831999], [127.06441694970003, 37.24375439282019], [127.0643546053965, 37.24375328911809], [127.06417527247378, 37.24375012333652], [127.06147085425708, 37.24396436185443], [127.06137806675945, 37.243973078154816], [127.06107387584491, 37.2440045816423], [127.05829824960826, 37.24434242596935], [127.05812427619598, 37.24436544762426], [127.05807466913609, 37.244372034707474], [127.05688288760213, 37.24565764964076], [127.05303293958856, 37.245541792654784], [127.05079610976328, 37.24546971485797], [127.05011017092689, 37.24565424729325], [127.04617840149817, 37.24539727873671], [127.04197312287468, 37.245095816792436], [127.04213096984515, 37.2454325530802], [127.04262323978682, 37.24675055836817], [127.04514400491665, 37.250047159911134], [127.0458549032456, 37.25097685752048], [127.04685662304554, 37.250388006868576], [127.0465241474751, 37.24939330770745], [127.04690622531822, 37.249222285259464], [127.04748343970752, 37.250209373705964], [127.04822647456041, 37.24970508938609], [127.04795600917768, 37.24842898179831], [127.04973375698786, 37.24827296099328], [127.05041993939116, 37.249372517724716], [127.05309497306618, 37.24861017615894], [127.05321984642546, 37.248588112450086], [127.05608479066319, 37.24903155860563], [127.0563847305191, 37.24907887932777], [127.05615637964162, 37.25030335377578], [127.05814352547414, 37.25092881366237], [127.05825188588973, 37.25107794856232], [127.05816512670127, 37.25152130889768], [127.05788798814628, 37.25177206085847], [127.05754108381203, 37.251863196147475], [127.05741966425997, 37.25221170120549], [127.05804825693414, 37.25237699018373], [127.05927599107363, 37.25201803371328], [127.0597374225724, 37.252622097375486], [127.06000164169534, 37.25226306052331], [127.06162736045306, 37.25295525946247], [127.06088265799937, 37.25218405877391], [127.06804133911488, 37.24802733113533], [127.06676134835496, 37.246690858674604]]]]}}, {"type": "Feature", "properties": {"adm_nm": "경기도 수원시영통구 망포1동", "adm_cd2": "4111759300", "sgg": "41117", "sido": "41", "sidonm": "경기도", "sggnm": "수원시영통구", "adm_cd": "31014670", "dong": "망포1동", "gu": "영통구", "old_score": 15, "vuln_score": 18, "support": 82, "blind_spot": 17, "is_fortress": false}, "geometry": {"type": "MultiPolygon", "coordinates": [[[[127.05166042533368, 37.234314662996674], [127.05194133968948, 37.23452215653166], [127.05202205743684, 37.23604042569037], [127.05206920333057, 37.23701190735208], [127.05204997025031, 37.23800996180273], [127.05192457055017, 37.23911423775796], [127.05383028355277, 37.239182400632394], [127.05507853231583, 37.23909688659078], [127.05600821849129, 37.23922386063446], [127.05555799524915, 37.24098657866907], [127.05537911626821, 37.24153877264835], [127.05527989387787, 37.242059076642036], [127.0552869567467, 37.24263772719004], [127.05536038781862, 37.243168567921515], [127.05552011716333, 37.243662206882306], [127.05576612276316, 37.24408679124667], [127.05637099834208, 37.244893434685274], [127.05667006109955, 37.24521712559479], [127.05688288760213, 37.24565764964076], [127.05807466913609, 37.244372034707474], [127.05812427619598, 37.24436544762426], [127.05829824960826, 37.24434242596935], [127.06107387584491, 37.2440045816423], [127.06137806675945, 37.243973078154816], [127.06147085425708, 37.24396436185443], [127.06417527247378, 37.24375012333652], [127.0643546053965, 37.24375328911809], [127.06441694970003, 37.24375439282019], [127.06517086413126, 37.243771811368745], [127.06527867160536, 37.24377446069209], [127.06541113049488, 37.24377832713983], [127.06621168726228, 37.243882199339524], [127.0663266384625, 37.24293200283337], [127.06608679122168, 37.24201903184803], [127.06597970585186, 37.24105289882057], [127.06631167427008, 37.24101024338081], [127.0666306051035, 37.241243649434516], [127.06688291124728, 37.24122227219689], [127.06693582570675, 37.240988657225586], [127.06712159805507, 37.24081867201524], [127.06709464242009, 37.24037275211155], [127.06667990835032, 37.24014808570359], [127.06635400218353, 37.2400883008408], [127.06614502261439, 37.240158520588345], [127.06599631247602, 37.24016248266177], [127.06545036581085, 37.24013569204731], [127.06499941626545, 37.240036814889926], [127.06440116376572, 37.23927268130704], [127.06325900249342, 37.23916712186339], [127.06213020477541, 37.238014069203736], [127.06004566897572, 37.23625774597987], [127.06002480946265, 37.23608752927234], [127.05997773403762, 37.23594425263848], [127.05991294647681, 37.23581669367413], [127.05989901172993, 37.23578959989393], [127.05972363967146, 37.23553317581888], [127.05964039494033, 37.235430332068], [127.05942212794419, 37.2351613492688], [127.0593373398666, 37.23507878556461], [127.05923696366979, 37.23498250577133], [127.05837989082076, 37.234214382039994], [127.05833050417425, 37.23417524836786], [127.0583027417404, 37.23415324981805], [127.05827468337701, 37.23413173691389], [127.05672906450557, 37.23312539864682], [127.056319798804, 37.232866976040725], [127.05603877705143, 37.23272845935622], [127.05486686957954, 37.23216068521088], [127.05255806454186, 37.23106016184879], [127.05254527795498, 37.23132715518121], [127.05257034781924, 37.23148481196151], [127.05379267737045, 37.23222535655275], [127.05383373689268, 37.23231679604334], [127.05382540805294, 37.232415918683415], [127.05376149388749, 37.23274018191965], [127.05362148473142, 37.23344385504144], [127.05358798653045, 37.23348769005216], [127.0535567859217, 37.23352137493657], [127.05345846158745, 37.233580740011845], [127.05233937821033, 37.234038884292], [127.05196102149442, 37.23417707861875], [127.05166042533368, 37.234314662996674]]]]}}, {"type": "Feature", "properties": {"adm_nm": "경기도 수원시영통구 원천동", "adm_cd2": "4111755000", "sgg": "41117", "sido": "41", "sidonm": "경기도", "sggnm": "수원시영통구", "adm_cd": "31014600", "dong": "원천동", "gu": "영통구", "old_score": 18, "vuln_score": 22, "support": 80, "blind_spot": 20, "is_fortress": false}, "geometry": {"type": "MultiPolygon", "coordinates": [[[[127.05351498664938, 37.282791489218425], [127.05463673735035, 37.28230250636595], [127.05517420032518, 37.282694746468565], [127.05684942584713, 37.28391728697372], [127.057341021612, 37.2843085711719], [127.05910634045547, 37.282678384854826], [127.06005933294692, 37.27887661159073], [127.06019124497404, 37.27726823255344], [127.06055195498213, 37.27545085349087], [127.06256850516553, 37.27488472639597], [127.06602647769648, 37.27421849373419], [127.06616448054515, 37.27420550208128], [127.06637209978918, 37.27418595796195], [127.06700481940568, 37.27424573779281], [127.06766221729445, 37.274428419339394], [127.06784105808104, 37.27471413826868], [127.06805589424259, 37.27560955513144], [127.06798509544562, 37.274799167905236], [127.06793482071738, 37.27446884428573], [127.06692552892557, 37.27393559166973], [127.06620987686097, 37.27309467471522], [127.06465737194159, 37.271105907789334], [127.06467000660123, 37.27100661154626], [127.06472270554393, 37.27059460654282], [127.06474839679524, 37.27052446432395], [127.06478000074277, 37.27043819985563], [127.0650397961788, 37.27024873501022], [127.06847685547157, 37.26867823820608], [127.069828069329, 37.266839804059465], [127.06989049067036, 37.26678114989838], [127.06994641419139, 37.26672868451782], [127.07015436970913, 37.26661901428426], [127.0708920037222, 37.266548456282656], [127.0708583187278, 37.263666122169525], [127.07071592134835, 37.26329490592951], [127.0705865776977, 37.26298458288273], [127.06805979943465, 37.25986781793042], [127.06774743509602, 37.25955461448496], [127.0676729577992, 37.259479941289015], [127.06565392565474, 37.25845400510719], [127.06522891349881, 37.258311603774686], [127.06299512206516, 37.257266764925575], [127.06266016284032, 37.2571686027645], [127.06251088209693, 37.25716402202359], [127.0620752732635, 37.2571506664505], [127.06195547098135, 37.25714796978848], [127.06164339711484, 37.25724437296178], [127.06154099907847, 37.25727601141536], [127.06008713726287, 37.257747204947854], [127.06046836191774, 37.26150747017282], [127.06066164136624, 37.26245239975031], [127.06155053215493, 37.26450175228054], [127.05905294209707, 37.266130377578925], [127.0554243963517, 37.26715277796769], [127.05702818569543, 37.267970047812376], [127.05737184365574, 37.26814935866205], [127.05794600093061, 37.26844896422668], [127.0583064540559, 37.26863731116152], [127.05836288737078, 37.271168108676164], [127.05315600622406, 37.27311597957195], [127.05288275795675, 37.27319269038172], [127.05175787906815, 37.273386744945604], [127.0487831169371, 37.273449845857016], [127.04798617070318, 37.273521151638114], [127.04405384082548, 37.274707160443825], [127.04375559105836, 37.27915438615593], [127.04325490545217, 37.27999075141534], [127.04183391949397, 37.28365618004116], [127.04172577298739, 37.28406373139534], [127.0417838318746, 37.284126963453836], [127.04352053222296, 37.285155626640474], [127.04407293717225, 37.28542697885888], [127.04480364271433, 37.28574306532148], [127.04511596517668, 37.2864836749052], [127.04536148335394, 37.287155911560205], [127.04648761808527, 37.28701150561065], [127.04834962801611, 37.285616960862896], [127.04939976878052, 37.284268875098476], [127.0500556894694, 37.28281224143597], [127.04990882466069, 37.28155635434859], [127.05003805949669, 37.28125855142211], [127.05069198792062, 37.28109412536366], [127.05107184101682, 37.280418395265755], [127.05191069490488, 37.280423826189676], [127.05233473093516, 37.28056617583995], [127.05282377318991, 37.28202912327965], [127.05351498664938, 37.282791489218425]]]]}}, {"type": "Feature", "properties": {"adm_nm": "경기도 수원시영통구 광교1동", "adm_cd2": "4111760000", "sgg": "41117", "sido": "41", "sidonm": "경기도", "sggnm": "수원시영통구", "adm_cd": "31014620", "dong": "광교1동", "gu": "영통구", "old_score": 12, "vuln_score": 15, "support": 85, "blind_spot": 14, "is_fortress": false}, "geometry": {"type": "MultiPolygon", "coordinates": [[[[127.06061731958967, 37.31094262670583], [127.0588710161431, 37.30610468613662], [127.05835962784417, 37.30527237405106], [127.05829529418138, 37.305155341850046], [127.05822495047181, 37.305027369550494], [127.05818174508379, 37.30493819606865], [127.05817834925789, 37.304899118080115], [127.05818614626988, 37.304848636937024], [127.05820787315294, 37.30481209910529], [127.05830279711404, 37.304740342275444], [127.05860251439577, 37.304580155983324], [127.05866636953247, 37.30454640183145], [127.05889550562847, 37.30444847463235], [127.05901272628768, 37.30442299653515], [127.05920936502497, 37.30440157293922], [127.05942273382365, 37.304378327395355], [127.05974392087184, 37.3043538060192], [127.05994344118653, 37.30433857545332], [127.06037162892213, 37.30432213904235], [127.06051207126636, 37.304304632875535], [127.06054880908984, 37.30429350192902], [127.06060751747873, 37.30426442475448], [127.06067407947039, 37.30421847565186], [127.06074916860143, 37.30416129079158], [127.06080678547758, 37.30409557158788], [127.06088728667133, 37.30393758269786], [127.0609553808064, 37.30374854352557], [127.06100744642423, 37.30349747431776], [127.0610293903962, 37.303391642433056], [127.06104382894215, 37.30321367153283], [127.06088516125602, 37.301392275555955], [127.0605592922257, 37.30079502192729], [127.0600896638569, 37.299455839705544], [127.0605887323512, 37.2965833858392], [127.0618567237614, 37.296361884430674], [127.06504083349172, 37.291812571536525], [127.06275742985858, 37.29065456236839], [127.05574074679542, 37.28479160919127], [127.05350594609816, 37.28282225209435], [127.05351498664938, 37.282791489218425], [127.05282377318991, 37.28202912327965], [127.05233473093516, 37.28056617583995], [127.05191069490488, 37.280423826189676], [127.05107184101682, 37.280418395265755], [127.05069198792062, 37.28109412536366], [127.05003805949669, 37.28125855142211], [127.04990882466069, 37.28155635434859], [127.0500556894694, 37.28281224143597], [127.04939976878052, 37.284268875098476], [127.04834962801611, 37.285616960862896], [127.04648761808527, 37.28701150561065], [127.04536148335394, 37.287155911560205], [127.04511596517668, 37.2864836749052], [127.04480364271433, 37.28574306532148], [127.04407293717225, 37.28542697885888], [127.04338295604306, 37.285869449877325], [127.04296115180505, 37.28589711629705], [127.04079110542132, 37.28575125615083], [127.04061575313285, 37.28571564681513], [127.03994618882074, 37.285441502123156], [127.03880513434268, 37.284797001572805], [127.03884968001118, 37.28565128427378], [127.0423882753471, 37.288867243009555], [127.04246190161949, 37.28893400523698], [127.04274002664644, 37.289178725143664], [127.04294936222632, 37.28936292078916], [127.04322176615761, 37.290372381986764], [127.03933105388141, 37.2924316502837], [127.03826149275932, 37.2929863447301], [127.03573263579355, 37.29336517685684], [127.03393198638591, 37.293201483507204], [127.0345565828007, 37.29368951126961], [127.03457117970899, 37.294063700583784], [127.03455325790492, 37.29445460717488], [127.03450075482951, 37.295422269134264], [127.03387244891009, 37.2969082153672], [127.03320717904747, 37.297395842116025], [127.03274187308362, 37.297961764262695], [127.03257548433444, 37.29875432995582], [127.0326535900562, 37.30003573702229], [127.03269174825279, 37.30059249639508], [127.03282805153414, 37.30158681501838], [127.03304338061197, 37.302803413953384], [127.03321745176302, 37.3049910938846], [127.03332677228882, 37.30703887621769], [127.03322767150036, 37.30801641933274], [127.0328255763025, 37.308741297277216], [127.03230777780381, 37.30964317183556], [127.03310286930822, 37.31179863568322], [127.03423248277915, 37.31376785004161], [127.03463539171922, 37.31393293780804], [127.03505987316568, 37.31410687044599], [127.03542620786463, 37.314294220299], [127.03807111345938, 37.31616030499192], [127.0387811078962, 37.31932698232575], [127.03889482898782, 37.32082601190011], [127.03991793157468, 37.32133695197896], [127.03999868356196, 37.32116713018318], [127.04021236281423, 37.32071834468913], [127.04056368407967, 37.320129350798304], [127.04066937798633, 37.32003173535493], [127.04214261124366, 37.319158593096304], [127.04592927661032, 37.31725999065238], [127.04727815566139, 37.316636441427], [127.04902540099998, 37.31591974988571], [127.04945283521491, 37.31580307008633], [127.04954111178024, 37.31578706400574], [127.04995042164035, 37.315752007949655], [127.05206700080444, 37.3157848269615], [127.05277645715557, 37.316045531611934], [127.05383351373032, 37.316093465400456], [127.05391302493301, 37.316092971941984], [127.05394637562658, 37.31609276414704], [127.05409456468944, 37.31608205440043], [127.05765379824098, 37.315564081709866], [127.05769924026293, 37.31555249747262], [127.05773830012212, 37.3155064473423], [127.0577463280276, 37.31544396610938], [127.05775160352127, 37.315402837477194], [127.05773384448544, 37.31518418458523], [127.05768788033954, 37.315056673743825], [127.05762973417634, 37.31489535135734], [127.05761658157864, 37.31473248902042], [127.0576509281147, 37.31440545419966], [127.05769672625601, 37.31429617887463], [127.0580393301126, 37.313485083048754], [127.05811267518868, 37.3133670497766], [127.05977475730178, 37.311527494450964], [127.060000055452, 37.31132567771168], [127.06021965048797, 37.31116311733979], [127.06033092097084, 37.311101108747344], [127.06054303287105, 37.31098291424618], [127.06061731958967, 37.31094262670583]]]]}}, {"type": "Feature", "properties": {"adm_nm": "경기도 수원시영통구 광교2동", "adm_cd2": "4111761000", "sgg": "41117", "sido": "41", "sidonm": "경기도", "sggnm": "수원시영통구", "adm_cd": "31014630", "dong": "광교2동", "gu": "영통구", "old_score": 10, "vuln_score": 12, "support": 88, "blind_spot": 11, "is_fortress": false}, "geometry": {"type": "MultiPolygon", "coordinates": [[[[127.08831098648984, 37.29317439401815], [127.08791901897686, 37.29069983422356], [127.08789383640881, 37.29027828429297], [127.08791230540166, 37.290178906076676], [127.08796791853779, 37.28987973731883], [127.08816160099163, 37.28940267332263], [127.08877029610912, 37.28810744396624], [127.08894108126579, 37.28713838000826], [127.08883418116694, 37.28696676749261], [127.08863439802808, 37.28687478477174], [127.0881732377497, 37.28662191698497], [127.08755056337344, 37.286377500449866], [127.08708619548743, 37.28619672959298], [127.08673401205722, 37.28612489529832], [127.0865185335492, 37.286080948032634], [127.08560428226848, 37.28603831490703], [127.08533308500351, 37.286119617272554], [127.08467485914488, 37.28631786858018], [127.08413476308137, 37.28631822665879], [127.08168263906177, 37.28463299515125], [127.07879542768963, 37.2834870012153], [127.07721678879126, 37.28298673382473], [127.07541111503502, 37.282238873946945], [127.07041567204038, 37.27929695658517], [127.0695382561455, 37.27874279235638], [127.06928278534241, 37.27730301332885], [127.06805589424259, 37.27560955513144], [127.06784105808104, 37.27471413826868], [127.06766221729445, 37.274428419339394], [127.06700481940568, 37.27424573779281], [127.06637209978918, 37.27418595796195], [127.06616448054515, 37.27420550208128], [127.06602647769648, 37.27421849373419], [127.06256850516553, 37.27488472639597], [127.06055195498213, 37.27545085349087], [127.06019124497404, 37.27726823255344], [127.06005933294692, 37.27887661159073], [127.05910634045547, 37.282678384854826], [127.057341021612, 37.2843085711719], [127.05684942584713, 37.28391728697372], [127.05517420032518, 37.282694746468565], [127.05463673735035, 37.28230250636595], [127.05351498664938, 37.282791489218425], [127.05350594609816, 37.28282225209435], [127.05574074679542, 37.28479160919127], [127.06275742985858, 37.29065456236839], [127.06504083349172, 37.291812571536525], [127.0618567237614, 37.296361884430674], [127.06752334837364, 37.29537176832532], [127.0705487041812, 37.29484307630647], [127.07196253674527, 37.29459693590513], [127.0724165566475, 37.29451795293104], [127.0725484791759, 37.29449500678904], [127.07660914165568, 37.29378887569677], [127.07934432974142, 37.29327478564497], [127.07951429723474, 37.29411250078454], [127.07979844684168, 37.295353674443895], [127.08053517685475, 37.29546480213023], [127.08099879774126, 37.29583849363319], [127.08145568790844, 37.29607423987677], [127.08251127342844, 37.29697823173738], [127.08559364835422, 37.2981315778418], [127.08766552840048, 37.29786952354496], [127.08832267401907, 37.2977580104859], [127.08927393908193, 37.297635121585635], [127.08988322859707, 37.29841355682057], [127.09057974788645, 37.29714363993999], [127.08831098648984, 37.29317439401815]]]]}}, {"type": "Feature", "properties": {"adm_nm": "경기도 수원시권선구 권선1동", "adm_cd2": "4111367000", "sgg": "41113", "sido": "41", "sidonm": "경기도", "sggnm": "수원시권선구", "adm_cd": "31012600", "dong": "권선1동", "gu": "권선구", "old_score": 58, "vuln_score": 55, "support": 52, "blind_spot": 55, "is_fortress": false}, "geometry": {"type": "MultiPolygon", "coordinates": [[[[127.02067671924755, 37.264501184152486], [127.02307626652464, 37.263906961259046], [127.02608889268416, 37.26313707472398], [127.02934928316769, 37.26228249007329], [127.03134727289749, 37.26154154229445], [127.03147358975706, 37.26133423823912], [127.03158850045514, 37.261057445438645], [127.03155930768014, 37.26098310456222], [127.03104023289437, 37.2596683929767], [127.03069742920371, 37.258800568429095], [127.03046150805054, 37.25820133095293], [127.03237550099509, 37.25768046272054], [127.03290005090116, 37.25753830999261], [127.03340802748646, 37.25740069575213], [127.03667421739159, 37.25652104110118], [127.03946686085655, 37.25417140503255], [127.03695218117522, 37.252393968049205], [127.03506998150024, 37.25286747838009], [127.02189972228909, 37.25624822235805], [127.0216289812528, 37.256313525590926], [127.02137596016206, 37.256374555109176], [127.01806227708808, 37.25718070711232], [127.01704032574978, 37.257429609607044], [127.01937680098271, 37.26197425996611], [127.02043374098994, 37.26402921810833], [127.02067671924755, 37.264501184152486]]]]}}, {"type": "Feature", "properties": {"adm_nm": "경기도 수원시영통구 영통3동", "adm_cd2": "4111758500", "sgg": "41117", "sido": "41", "sidonm": "경기도", "sggnm": "수원시영통구", "adm_cd": "31014660", "dong": "영통3동", "gu": "영통구", "old_score": 18, "vuln_score": 22, "support": 80, "blind_spot": 20, "is_fortress": false}, "geometry": {"type": "MultiPolygon", "coordinates": [[[[127.07003539953409, 37.25715279977698], [127.07128006929035, 37.257406324089075], [127.07138638750855, 37.25744082778839], [127.07166101990953, 37.25753051820745], [127.07191480786254, 37.25757766871906], [127.0721119886034, 37.25761327455339], [127.07271268937612, 37.25757826128905], [127.07338601125392, 37.25728773526399], [127.0758575347096, 37.25582508378874], [127.08005529034543, 37.253187565098656], [127.08073906774412, 37.25416097667385], [127.08077317145397, 37.25461742279751], [127.08243871904678, 37.25445083748968], [127.08181515221604, 37.25268120112246], [127.08258404940048, 37.25160793785304], [127.08192886447955, 37.25085885308019], [127.0824864125986, 37.25009058267616], [127.08210870040487, 37.24940352490584], [127.08126936651945, 37.2484968265944], [127.08003514715102, 37.24754042543945], [127.07959958524394, 37.24753204724802], [127.07927685400033, 37.24752639401102], [127.07860320224171, 37.24751498458327], [127.07841226834273, 37.24751204153156], [127.07783901942611, 37.24750436723219], [127.0777903827176, 37.24750531245823], [127.07650867331243, 37.2475322997167], [127.07548683090508, 37.247424990732014], [127.07542953492016, 37.24741382249881], [127.07421046598802, 37.247175962233506], [127.07261363353837, 37.24692001193002], [127.07232972867598, 37.24686396552], [127.07098422033772, 37.24656143756192], [127.07077635934672, 37.24650538438565], [127.07073037004356, 37.24649292259749], [127.06961848176353, 37.246191415116435], [127.06953989932182, 37.246104991827], [127.06947561500334, 37.2460342777641], [127.06944575360005, 37.24600134926756], [127.0693341518066, 37.245878272089854], [127.06900208482993, 37.24554333908845], [127.0682806132478, 37.24488965767232], [127.0675837699571, 37.2445017670821], [127.06686693210604, 37.24416112268881], [127.06621168726228, 37.243882199339524], [127.06541113049488, 37.24377832713983], [127.06527867160536, 37.24377446069209], [127.06517086413126, 37.243771811368745], [127.06441694970003, 37.24375439282019], [127.06488506584935, 37.24465864831999], [127.06517375183277, 37.245042484975855], [127.06676134835496, 37.246690858674604], [127.06804133911488, 37.24802733113533], [127.06088265799937, 37.25218405877391], [127.06162736045306, 37.25295525946247], [127.06168761707531, 37.25301632685337], [127.06474574215918, 37.25618024447091], [127.06299512206516, 37.257266764925575], [127.06522891349881, 37.258311603774686], [127.0652963530799, 37.258115764282344], [127.06578842477523, 37.25711476604373], [127.07003539953409, 37.25715279977698]]]]}}, {"type": "Feature", "properties": {"adm_nm": "경기도 수원시영통구 망포2동", "adm_cd2": "4111759600", "sgg": "41117", "sido": "41", "sidonm": "경기도", "sggnm": "수원시영통구", "adm_cd": "31014680", "dong": "망포2동", "gu": "영통구", "old_score": 14, "vuln_score": 17, "support": 83, "blind_spot": 16, "is_fortress": false}, "geometry": {"type": "MultiPolygon", "coordinates": [[[[127.05303293958856, 37.245541792654784], [127.05688288760213, 37.24565764964076], [127.05667006109955, 37.24521712559479], [127.05637099834208, 37.244893434685274], [127.05576612276316, 37.24408679124667], [127.05552011716333, 37.243662206882306], [127.05536038781862, 37.243168567921515], [127.0552869567467, 37.24263772719004], [127.05527989387787, 37.242059076642036], [127.05537911626821, 37.24153877264835], [127.05555799524915, 37.24098657866907], [127.05600821849129, 37.23922386063446], [127.05507853231583, 37.23909688659078], [127.05383028355277, 37.239182400632394], [127.05192457055017, 37.23911423775796], [127.05204997025031, 37.23800996180273], [127.05206920333057, 37.23701190735208], [127.05202205743684, 37.23604042569037], [127.05194133968948, 37.23452215653166], [127.05166042533368, 37.234314662996674], [127.05153953406085, 37.234355435289615], [127.05131049338996, 37.23436245677949], [127.04950130466591, 37.23408854868522], [127.04919469165574, 37.233936297405], [127.0490011134846, 37.23383988669713], [127.04813148901326, 37.23339375820717], [127.04663448593551, 37.23288212616685], [127.04599456006034, 37.23279066143844], [127.04594803705946, 37.232787118152984], [127.04498933939965, 37.233173413920106], [127.0449794998904, 37.233793021706425], [127.0444990584281, 37.23425870821334], [127.04421403256477, 37.23443789148837], [127.04353741612312, 37.234585143128726], [127.04295605539357, 37.23471473056485], [127.04171011090813, 37.23516526009277], [127.0416427665501, 37.23519800329479], [127.03912974666868, 37.23719247766688], [127.03912169709646, 37.23723913429771], [127.03926534166723, 37.23763958445016], [127.03953199144878, 37.23837241410753], [127.04071174911572, 37.24159160823391], [127.04197312287468, 37.245095816792436], [127.04617840149817, 37.24539727873671], [127.05011017092689, 37.24565424729325], [127.05079610976328, 37.24546971485797], [127.05303293958856, 37.245541792654784]]]]}}]}